"name"	"action"	"suggested_id"
"המגיד"	""	""
"בעש״ט"	""	""
"הבעש״ט"	""	""
"הבעש""ט"	""	""
"ברוך"	""	""
"משה"	""	""
"דוד"	""	""
"ליב"	""	""
"ישראל"	""	""
"יעקב"	""	""
"אברהם"	""	""
"אליהו"	""	""
"יצחק"	""	""
"מרדכי"	""	""
"פנחס"	""	""
"מאיר"	""	""
"׳"	""	""
"נחום"	""	""
"בעריש"	""	""
"יוסף"	""	""
"עזריאל"	""	""
"שלמה"	""	""
"הר""ח"	""	""
"אלימלך"	""	""
"הרר״ש"	""	""
"מיכל"	""	""
"הבע״ש"	""	""
"שמואל"	""	""
"שמעלקא"	""	""
"מאיריל"	""	""
"מהר""צ"	""	""
"נפתלי"	""	""
"חיים"	""	""
"הרר""י"	""	""
"אהרן"	""	""
"״"	""	""
"רש״י"	""	""
"מורנ""ת"	""	""
"״ק"	""	""
"״ט"	""	""
"אביגדור"	""	""
"צבי"	""	""
"ר״מ"	""	""
"יהושע"	""	""
"אליעזר"	""	""
"בונם"	""	""
"ר""ג"	""	""
"גר""א"	""	""
"לוי יצחק"	""	""
"שלום"	""	""
"הגאון"	""	""
"זאב"	""	""
"נחמן"	""	""
"עוזיאל"	""	""
"מהר""ש"	""	""
"בעש""ט"	""	""
"האר""י"	""	""
"גדליה"	""	""
"ישעיה"	""	""
"מהר""פ"	""	""
"משה ליב"	""	""
"ראובן"	""	""
"יחיאל מיכל"	""	""
"זוסיא"	""	""
"ר""מ"	""	""
"מנחם מענדיל"	""	""
"הפלאה"	""	""
"מוהר""ז"	""	""
"ק"	""	""
"אדם"	""	""
"הסבא"	""	""
"אפטא"	""	""
"איוואן"	""	""
"אייזיק"	""	""
"בער"	""	""
"שאול"	""	""
"הגר""א"	""	""
"העשיל"	""	""
"יואל"	""	""
"מענדלי"	""	""
"וואלף"	""	""
"ר״ש"	""	""
"שמשון"	""	""
"הה״מ"	""	""
"הרר""ד"	""	""
"מענדיל"	""	""
"ישעי׳"	""	""
"ר""י"	""	""
"ר״ב"	""	""
"הבע""ש"	""	""
"המהרש""א"	""	""
"ר״י"	""	""
"הרר״י"	""	""
"ר״א"	""	""
"ב"	""	""
"מוהר״א"	""	""
"זלמן"	""	""
"שמעלקי"	""	""
"הרמב״ן"	""	""
"רש""י"	""	""
"רר״ש"	""	""
"מאירל"	""	""
"דוב בער"	""	""
"הרר""ח"	""	""
"פרעה"	""	""
"אייזק"	""	""
"שבתי"	""	""
"הר״מ"	""	""
"הרמב״ם"	""	""
"הר""י"	""	""
"ר""ח"	""	""
"צבי הירש"	""	""
"יצחק אייזיק"	""	""
"בעל הפלאה"	""	""
"אלי׳"	""	""
"הר""ש"	""	""
"יצחק מסקווירא"	""	""
"עקיבא איגר"	""	""
"אליהו הנביא"	""	""
"יחיאל"	""	""
"יודיל"	""	""
"מוהר״מ"	""	""
"פאוויל"	""	""
"גרשון"	""	""
"״ש"	""	""
"אביש"	""	""
"ר""א"	""	""
"בוצינא דנהורא"	""	""
"אורי"	""	""
"זושא"	""	""
"ר""ש"	""	""
"מוהר""פ"	""	""
"מוהר״ז"	""	""
"המהרש״א"	""	""
"'"	""	""
"היהודי"	""	""
"אדל"	""	""
"איסר"	""	""
"עוזר"	""	""
"סענדיר"	""	""
"הירשלי"	""	""
"שלמה אפרים"	""	""
"יונתן"	""	""
"משה רבינו"	""	""
"מו""ה"	""	""
"ה"	""	""
"ד""פ"	""	""
"שפיפון"	""	""
"יוסי"	""	""
"דמתא"	""	""
"אפרים עוללות"	""	""
"יעקב יצחק"	""	""
"הרמ״א"	""	""
"מיכלי"	""	""
"מוהר""ן"	""	""
"זיסיא"	""	""
"רש""א"	""	""
"מרים"	""	""
"יהודה"	""	""
"יאסילע"	""	""
"יחזקאל"	""	""
"רמ״א"	""	""
"האו""ח"	""	""
"דובער"	""	""
"ט"	""	""
"וואליטשיסק"	""	""
"נחמיה"	""	""
"הרר""א"	""	""
"דנהורא"	""	""
"אסתר"	""	""
"ר״ח"	""	""
"מיכאל"	""	""
"הר״ש"	""	""
"פאטאצקי"	""	""
"הרר״ע"	""	""
"שמעון"	""	""
"אדומו״ר"	""	""
"יהודא"	""	""
"בן סבר"	""	""
"פייוויל"	""	""
"״ל"	""	""
"אר""י"	""	""
"אלי'"	""	""
"משיח"	""	""
"מנחם נחום"	""	""
"המן"	""	""
"ר״פ"	""	""
"אלימלך מליזענסק"	""	""
"הרר״א"	""	""
"אבגדור"	""	""
"פוליט"	""	""
"הירש"	""	""
"רמב״ם"	""	""
"בע״ש"	""	""
"יוסלי"	""	""
"הר""ז"	""	""
"דיינו"	""	""
"המרש״א"	""	""
"הרש""ל"	""	""
"ר"	""	""
"רבא"	""	""
"ר'"	""	""
"א"	""	""
"רבי"	""	""
"זעליג"	""	""
"פילט"	""	""
"יוזפא"	""	""
"אברהם אבינו"	""	""
"לוי"	""	""
"דוד פורקיס"	""	""
"ברטנורה"	""	""
"״א"	""	""
"ואלף"	""	""
"לוט"	""	""
"אדיל"	""	""
"דוד לייקעס"	""	""
"יעב״ץ"	""	""
"הר״י"	""	""
"טובעלע"	""	""
"הה""מ"	""	""
"״ב"	""	""
"שרה"	""	""
"אלקי"	""	""
"עשו"	""	""
"מהר""ל"	""	""
"יונה"	""	""
"מוהר""ש"	""	""
"וויטיל"	""	""
"נתן"	""	""
"מחמ""ד"	""	""
"נח"	""	""
"אברם"	""	""
"מענדילי"	""	""
"נתן שמעון"	""	""
"עזרא הסופר"	""	""
"יהונתן"	""	""
"הקייסר"	""	""
"פאויל"	""	""
"אריז""ל"	""	""
"רש""ל"	""	""
"אקאש"	""	""
"מנחם"	""	""
"יוחנן"	""	""
"מגיד"	""	""
"שלמה המלך"	""	""
"חיד״א"	""	""
"מוהר""ג"	""	""
"אלכסנדר"	""	""
"מוהר״ן"	""	""
"הר""מ"	""	""
"המחמ""ד"	""	""
"משה סופר"	""	""
"יהודא החסיד"	""	""
"״מ"	""	""
"וואלצי"	""	""
"דייטש"	""	""
"מ"	""	""
"חתם סופר"	""	""
"יוקל"	""	""
"מהר""ל מפראג"	""	""
"הקייסער"	""	""
"עשיל"	""	""
"המגיד מטשערנאביל"	""	""
"רצ""ס"	""	""
"מוהר""ד"	""	""
"המרש""א"	""	""
"אסתר שפרה"	""	""
"הר״א"	""	""
"פנחס מקאריץ"	""	""
"צבי מזידיטשוב"	""	""
"בוצינא קדישא"	""	""
"מ׳"	""	""
"שמואל שמעלקי"	""	""
"הרר״ד"	""	""
"ר״ז"	""	""
"ליב שרהס"	""	""
"הרב מפינסק"	""	""
"הרה""ק מלובלין"	""	""
"אהרן הלוי"	""	""
"סענדר"	""	""
"ר״ע"	""	""
"הלל"	""	""
"לייזר"	""	""
"רמ""י"	""	""
"שמחה"	""	""
"ליאון"	""	""
"שלמה סופר"	""	""
"אבטליון"	""	""
"הריזיניר"	""	""
"הרינדאר"	""	""
"צדוק"	""	""
"צבי אלימלך"	""	""
"הריזינער"	""	""
"יעקב יוסף"	""	""
"פאניטאווסקי"	""	""
"א״מ"	""	""
"יצחק הלוי"	""	""
"הרש""א"	""	""
"צבי יהושע"	""	""
"רמ""א"	""	""
"דוד מלעלוב"	""	""
"יחיאל מאיר"	""	""
"מוהר״ב"	""	""
"הר""א"	""	""
"רש""ז"	""	""
"י"	""	""
"דוד המלך"	""	""
"בן"	""	""
"אברהם דוב"	""	""
"רשב״י"	""	""
"המגיד מקאזניץ"	""	""
"רמ״י"	""	""
"נטע"	""	""
"נחום מטשערנאביל"	""	""
"אבא"	""	""
"חיים צאנזיר"	""	""
"הרר""ש"	""	""
"רב"	""	""
"הר""ע"	""	""
"קאפיל"	""	""
"שמעון סופר"	""	""
"מרדכי בנעט"	""	""
"מראזדיל"	""	""
"משה חיים אפרים"	""	""
"מוהר""י"	""	""
"צבי יהודא"	""	""
"מלך"	""	""
"א׳"	""	""
"הר""ד"	""	""
"רי""י"	""	""
"משה איסערליש"	""	""
"פלוני"	""	""
"אלי"	""	""
"אפרים"	""	""
"אביגדר"	""	""
"אברהם יהושע העשיל"	""	""
"ברוך ממעזבוז"	""	""
"אלעזר"	""	""
"רש״ש"	""	""
"הרב דק""ק פולנאי"	""	""
"שמעריל"	""	""
"יוסף הכהן"	""	""
"ר""ל"	""	""
"הגאון מווילנא"	""	""
"מרדכי באנעט"	""	""
"מהר""י"	""	""
"משה הלוי"	""	""
"ישראל פאלעצקר"	""	""
"מהרמ""ל"	""	""
"רומע""ל"	""	""
"אשר"	""	""
"פנחס הורוויץ"	""	""
"רח""ו"	""	""
"אדומו""ר"	""	""
"נפתלי כ״ץ"	""	""
"שמעיה"	""	""
"ריזניר"	""	""
"דייטשיל"	""	""
"מוואליטשיסק"	""	""
"הערל"	""	""
"בן נח"	""	""
"יצחק מהאמבורג"	""	""
"מענדעלי"	""	""
"ריב""ש"	""	""
"זרובבל"	""	""
"מוהר״י"	""	""
"יעקב שמשון"	""	""
"ישעי׳ פינטו"	""	""
"גור ארי'"	""	""
"ההפלאה"	""	""
"יעקב יצחק מלובלין"	""	""
"קדושת לוי"	""	""
"אברהם חיים"	""	""
"אביגדור
                     אבינדור"	""	""
"הרב המגיד"	""	""
"רמב""ם"	""	""
"יוסל"	""	""
"קלמוש"	""	""
"הבע״שט"	""	""
"ליב בן שרה"	""	""
"הרר״ח"	""	""
"ירמיה"	""	""
"שמואל מקארוב"	""	""
"יצחק מאיר"	""	""
"הרמב""ם"	""	""
"פישעלע"	""	""
"מוהר"	""	""
"רעק""א"	""	""
"מהרש""ל"	""	""
"ר""ז"	""	""
"הרר""מ"	""	""
"מהרש״א"	""	""
"הרה""מ"	""	""
"דוב"	""	""
"מוהר""ל"	""	""
"זאב וואלף"	""	""
"מן"	""	""
"אחשורוש"	""	""
"ל"	""	""
"ר""ב"	""	""
"ד'"	""	""
"״ח"	""	""
"ארינדאר"	""	""
"דינה"	""	""
"מוהרי״ל"	""	""
"מוהרי""ל"	""	""
"ישראל בעש״ט"	""	""
"הבעל שם טוב"	""	""
"ליבש"	""	""
"בירך"	""	""
"ר""ע"	""	""
"הקיסר פאוויל"	""	""
"ישראל יוסף"	""	""
"מוהר״פ"	""	""
"שמעלקא מניקלשפורג"	""	""
"הבע״ט"	""	""
"רבינו"	""	""
"אלישע"	""	""
"ש"	""	""
"די"	""	""
"זכריה"	""	""
"הח״ס"	""	""
"ירבעם"	""	""
"בצלאל"	""	""
"ה״ר"	""	""
"יצחק האראוויטץ"	""	""
"יעקב ישראל מטשערקאס"	""	""
"מאטעלי מטשערנאביל"	""	""
"זלמינא"	""	""
"הגור ארי'"	""	""
"המוכסין"	""	""
"לובלינר"	""	""
"הרר״מ"	""	""
"מאיר הלוי"	""	""
"רר״ה"	""	""
"הורוויץ"	""	""
"אר״י"	""	""
"ליבלי"	""	""
"זיסא"	""	""
"מוהר״ש בונם"	""	""
"מוהר״ש"	""	""
"עדן"	""	""
"ר""צ"	""	""
"רי""ד"	""	""
"רמ""מ"	""	""
"דוב
                        בער"	""	""
"הרמ""א"	""	""
"רשכב״ה"	""	""
"רבה"	""	""
"בית יוסף"	""	""
"אברהם דוב מחמעלניק"	""	""
"מ׳ רייזיל"	""	""
"חנה"	""	""
"משה מסיווראן"	""	""
"בעש״"	""	""
"ע"	""	""
"רשב""י"	""	""
"פ""א"	""	""
"אלקים"	""	""
"בינם"	""	""
"המהר""ל"	""	""
"משה ליב מסאסוב"	""	""
"שלמה מקארלין"	""	""
"השל""ה"	""	""
"מרדכי זאב"	""	""
"רש""ש"	""	""
"מוה""רג"	""	""
"מהר""ג"	""	""
"שבתי צבי"	""	""
"פרומע ריבעלע"	""	""
"הירשל"	""	""
"א""א"	""	""
"הגאון מקאמינקא"	""	""
"אדה״ר"	""	""
"זושא מאניפאלי"	""	""
"מוהר""א"	""	""
"רמ״מ"	""	""
"יצחק מראדוויל"	""	""
"יהודה ליב"	""	""
"חאוונסקי"	""	""
"ר""פ"	""	""
"זוסי׳"	""	""
"מוהרד״ב"	""	""
"מוהרא״ה"	""	""
"המגיד ממעזריטש"	""	""
"יהודה בן גרים"	""	""
"הרר""ע"	""	""
"אליקים"	""	""
"יודל נאטנזאהן"	""	""
"בת שבע"	""	""
"מוהר""ח"	""	""
"רומע״ל"	""	""
"מאיר הלוי הורוויץ"	""	""
"אזולאי"	""	""
"יצחק מלובלין"	""	""
"הרמב""ן"	""	""
"לייזער"	""	""
"דוד צבי"	""	""
"מורכ""ת"	""	""
"פין"	""	""
"שמואל יצחק"	""	""
"ישעי'"	""	""
"אבן עזרא"	""	""
"קרח"	""	""
"צבי אלימלך מדינוב"	""	""
"יוד"	""	""
"ואלצי"	""	""
"ירבעם בן נבט"	""	""
"חנוך"	""	""
"חייא"	""	""
"נו"	""	""
"״ז"	""	""
"המלמד"	""	""
"ישראל מקאליש"	""	""
"רשכב""ה"	""	""
"איצי מאיר"	""	""
"טאביק"	""	""
"מעלקא"	""	""
"ניקיל"	""	""
"פיקאב פיקיווער"	""	""
"מסאסוב"	""	""
"סטרעטין"	""	""
"ריזינער"	""	""
"שאק"	""	""
"חיים טרעגיר"	""	""
"בני"	""	""
"אברהם דפיסה"	""	""
"קופיא"	""	""
"יצחק מדראהאביטש"	""	""
"גרשם"	""	""
"גרשום"	""	""
"יעקב ישראל"	""	""
"הבעש"	""	""
"מאיר מרגליות"	""	""
"ך"	""	""
"מיכל מזלאטשוב"	""	""
"ת"	""	""
"שה"	""	""
"התולדות"	""	""
"יצחק אבוהב"	""	""
"אהרן הכהן"	""	""
"מליסא"	""	""
"י״ש"	""	""
"ווערגילאש"	""	""
"משה שטשאגיל"	""	""
"מרע״ה"	""	""
"קאפילי"	""	""
"האר״י"	""	""
"הרר״ש מנ״ש"	""	""
"הרר״פ"	""	""
"הרמ״ל"	""	""
"רז״פ"	""	""
"נתן אדליר"	""	""
"יצחק הלוי איש הורוויץ"	""	""
"הקייזער"	""	""
"הקיסר"	""	""
"יהושיע"	""	""
"אייזק אונגר"	""	""
"דוד ליב"	""	""
"אבא אליעזר"	""	""
"יעקעלי"	""	""
"משה פשעוויסקער"	""	""
"הרש״א"	""	""
"האדיל"	""	""
"פני יהושע"	""	""
"לעווינזאהן"	""	""
"רא""י"	""	""
"רשכבה״ג"	""	""
"מהרי״ג"	""	""
"מהר""ם באנעט"	""	""
"פייוויש"	""	""
"נתן הנביא"	""	""
"שמואל נח"	""	""
"אברהם אבוש"	""	""
"חנוך העניך הכהן"	""	""
"מגאסטנין"	""	""
"גבריאל"	""	""
"אברהם משה"	""	""
"מוה"	""	""
"מלייפנא"	""	""
"׳ זעליג"	""	""
"מ׳ זעליג"	""	""
"׳ בונם"	""	""
"המהרש""ל"	""	""
"גר""ח"	""	""
"מ׳ דוד לוריא"	""	""
"מ׳ שאול"	""	""
"גר״א"	""	""
"רון"	""	""
"מלכה"	""	""
"בת הבעש״ט"	""	""
"הבש״ט"	""	""
"גארדע"	""	""
"דוד משה"	""	""
"שי""ת"	""	""
"״י"	""	""
"אביי"	""	""
"תנא"	""	""
"רש"	""	""
"ה""ג"	""	""
"בלעם"	""	""
"הרשב״י"	""	""
"פנחם"	""	""
"ח"	""	""
"סיקאל"	""	""
"שעפטיל"	""	""
"בונם מפרשיסחא"	""	""
"נתן דוד"	""	""
"לוי יצחקיל"	""	""
"ירחמיאל"	""	""
"יהודא ליב"	""	""
"שמואל שמעלקא"	""	""
"אאע""ה"	""	""
"אלכסנדר שוחט"	""	""
"סענדירל"	""	""
"אברהם פודליסקער"	""	""
"ש״צ"	""	""
"יוסף אשכנזי"	""	""
"שמואל הנביא"	""	""
"זאב קיצעס"	""	""
"מהר""ז"	""	""
"שאול המלך"	""	""
"משה אויסטריער"	""	""
"פנחס מלמד"	""	""
"יהודא גרשון"	""	""
"ש""ז"	""	""
"הקייסר פאוויל"	""	""
"ליב יאנוויטשער"	""	""
"מרדכי לעפלער"	""	""
"מוהרא""ה"	""	""
"אחאב"	""	""
"שניאור זלמן מלאדי"	""	""
"פיוויש"	""	""
"המגיד הק'"	""	""
"גדלי׳"	""	""
"יוסף קארו"	""	""
"אור החיים"	""	""
"פסח"	""	""
"שניאור"	""	""
"דוד סופר"	""	""
"יוחנן בן זכאי"	""	""
"הזקן"	""	""
"פיטאצקי"	""	""
"הרה""ק"	""	""
"דוד בן ישי"	""	""
"מרדכי יפה"	""	""
"ורנ""ת"	""	""
"יצחק יהודא"	""	""
"אברהם בן עזרא"	""	""
"חיים יוסף דוד אזולאי"	""	""
"יחיאל מצרפת"	""	""
"״ר"	""	""
"יחזקיהו"	""	""
"שפיפון בן ליש"	""	""
"נסים"	""	""
"שבתי מראשקיב"	""	""
"נפתלי מראפשיץ"	""	""
"מראפשיטץ"	""	""
"ח״ס"	""	""
"נסים המצרי"	""	""
"יוסף מטראני"	""	""
"אברהם ניסן"	""	""
"עקיבא"	""	""
"מאפטא"	""	""
"צבי הירש מזידיטשוב"	""	""
"ה״"	""	""
"יחזקאל מפראג"	""	""
"איציקיל"	""	""
"ישראל מרוזין"	""	""
"פירש״י"	""	""
"אדם הראשון"	""	""
"ישעיה וואלף ציקערניק"	""	""
"מענדעלי מליבאוויטש"	""	""
"ישראל מטשערקאס"	""	""
"אחיה"	""	""
"ישראל נודוזין"	""	""
"יעקב יוסף הכהן"	""	""
"איהם"	""	""
"בירד"	""	""
"ברוך
					ממעזבוז"	""	""
"ל׳"	""	""
"יצחק מדראהביטש"	""	""
"יצחק בן ר׳ יוסף"	""	""
"אליהו צורף"	""	""
"יוחנן מראחמיסטריווקא"	""	""
"״ת"	""	""
"פנחס מקארץ"	""	""
"מרדכי מזוויהיל"	""	""
"יחיאל מיכל מזוויהיל"	""	""
"יוסף מיאמפאלע"	""	""
"הבעשט"	""	""
"יעקב מדובנא"	""	""
"מקאלביסוב"	""	""
"משה מפרעשיוועצקי"	""	""
"זכריה מענדיל"	""	""
"נועם אלימלך"	""	""
"הרר״ז"	""	""
"משה ברז״פ"	""	""
"רנ""א"	""	""
"נודע ביהודה"	""	""
"ראפפורט"	""	""
"רצ״ה"	""	""
"לוי יצחק
					מברדיטשוב"	""	""
"שלום רוקח"	""	""
"חיים יוסף דוד אוולאי"	""	""
"נתן נטע"	""	""
"י הלוי"	""	""
"הרש״ז"	""	""
"לבעש״ט"	""	""
"שמואל שמעלקע"	""	""
"דוב בעריש"	""	""
"׳ ליבלי"	""	""
"ר' בעריש"	""	""
"מו״ר"	""	""
"בער ממעזריטש"	""	""
"מהר""ל
						מפראג"	""	""
"ליבר"	""	""
"ישעיה מדינעוויץ"	""	""
"חיה"	""	""
"האור החיים"	""	""
"עווינזאהן"	""	""
"דן"	""	""
"רש״ל"	""	""
"ארי׳ ליבוש חריף"	""	""
"זעליג משרענצק"	""	""
"הרא״מ"	""	""
"שעפס"	""	""
"מאירל הורוויץ"	""	""
"הר״ז"	""	""
"י״מ"	""	""
"הגר״א"	""	""
"ישראל דוב מווילעדניק"	""	""
"ר""צ סופר"	""	""
"קאטארינע"	""	""
"הרי"	""	""
"דוד
                        מיקלייעווער"	""	""
"המגיד הגדול
                            ממעזריטש"	""	""
"הה״מ הגדול"	""	""
"הררמ״מ"	""	""
"הררי""י"	""	""
"אברהם יהושוע העשיל מאפטא"	""	""
"הרב דחאטין"	""	""
"ד""ב"	""	""
"בת הרר""א"	""	""
"רר""מ"	""	""
"משה אב""ד ושר העיר קראקא"	""	""
"רבי חיים"	""	""
"הר״ח"	""	""
"משה איסרליש"	""	""
"הב""י"	""	""
"אברהם יהושיע העשיל"	""	""
"ישראל דוב"	""	""
"שלאחטיטש"	""	""
"אליעזרבאלטע"	""	""
"גארדי"	""	""
"ברוך נבג״מ ממעזיביז"	""	""
"מוהר""ר"	""	""
"הר׳"	""	""
"בוצינא"	""	""
"משה יונה שטיינבערג"	""	""
"שלום יוסף"	""	""
"ישמי׳"	""	""
"ב״י"	""	""
"ס"	""	""
"דידי"	""	""
"שמואל ירחינאה"	""	""
"נרו"	""	""
"הקב״ה"	""	""
"פנחס מאוסטרא"	""	""
"ישראליש"	""	""
"יוסילי מיאמפילי"	""	""
"רא""ד"	""	""
"בהלולא דרשב״י"	""	""
"זוהר"	""	""
"התנא"	""	""
"יוסילי מיאמפילי'"	""	""
"מרגניתא טבא"	""	""
"ברוך בן אדיל"	""	""
"משה
					מסיווראן"	""	""
"עו"	""	""
"שלמה קארלינר"	""	""
"יוסף מפילינאה"	""	""
"טאביקע"	""	""
"אהרן מק' מעזיביו"	""	""
"קארלינר"	""	""
"אביגדר מק׳ ליטין"	""	""
"המשרת"	""	""
"הר""צ"	""	""
"הר׳ ליב"	""	""
"הר"	""	""
"משה חיים אפרים מסדילקיב"	""	""
"שמעון שלמה"	""	""
"ארענד"	""	""
"ר״ב ממעזיבוז"	""	""
"טעמריל"	""	""
"מהר״מ"	""	""
"נחמן קאסיווער"	""	""
"היהודי מפרשיסחא"	""	""
"אנטונינוס"	""	""
"אהרן שמואל"	""	""
"משרע״ה"	""	""
"משרע""ה"	""	""
"ליב דיממעלים"	""	""
"ליב דיממעלם"	""	""
"נטע מחעלים"	""	""
"מאיר יהושע"	""	""
"ליביש"	""	""
"בעראל"	""	""
"של""ה"	""	""
"ר""ת"	""	""
"משה מלעלוב"	""	""
"אלימלך מפשעווארסק"	""	""
"ישראל מרוזען"	""	""
"העניך"	""	""
"פנחס מגניוושאוו"	""	""
"מהרי""ל"	""	""
"רצ""א"	""	""
"שמואל מקאריב"	""	""
"ישראל ב״א"	""	""
"ישראל בן אליעזר"	""	""
"ישראל במו׳ אליעזר"	""	""
"הבע""שט"	""	""
"מור""ג"	""	""
"יהושע בן נון"	""	""
"אבא דק""ק קריבוש"	""	""
"פאלק הכהן"	""	""
"יש""ו"	""	""
"סעדיה גאון"	""	""
"רס""ג"	""	""
"ליב כהן"	""	""
"דוד מקלייעווער"	""	""
"עזרא"	""	""
"מאיר חריף"	""	""
"טעקטיגר"	""	""
"טעקטיגער"	""	""
"נחום מטשארנביל"	""	""
"ליב קרעמינער"	""	""
"אברהם אבא"	""	""
"זאב קוצעס"	""	""
"מענדלי פרימסלאנער"	""	""
"ר׳ עקיבא"	""	""
"משה קעדס"	""	""
"מיכל דיין"	""	""
"משה עבד ה'"	""	""
"ר״ד"	""	""
"הרי""ף"	""	""
"הרא""ש"	""	""
"הרח""ו"	""	""
"חנינא"	""	""
"רחב״ד"	""	""
"הרב הב""י"	""	""
"דע""ה"	""	""
"הצדיק מקאמינקא"	""	""
"חיים צאנזיר מבראד"	""	""
"ריב""ז"	""	""
"ריב״ז"	""	""
"חיים סאנצער"	""	""
"משה אוסטיער"	""	""
"חיים סאנדזער"	""	""
"דוד פירקוס"	""	""
"מוה""פ"	""	""
"ליב קעסלר"	""	""
"הירץ"	""	""
"ליפמן"	""	""
"ר""י בעש""ט"	""	""
"ר""י בע""ש"	""	""
"האורה""ח"	""	""
"האוה""ח"	""	""
"רדו""ב"	""	""
"דו""ב"	""	""
"מענדל"	""	""
"יצחק דראביצר"	""	""
"אציקיל"	""	""
"הגאון מסוואלק"	""	""
"הקדוש ממעזיבוז"	""	""
"מהרי""ג"	""	""
"הצדיק מלובלין החוזה מפולין"	""	""
"הרה""ק ממעזיבוז"	""	""
"בת הרה""ק"	""	""
"בתו של הרב"	""	""
"הרב הקדוש ממעזיביז"	""	""
"הצדיק מזידיטשוב"	""	""
"הצדיק וקדוש מזידיטשוב"	""	""
"מאיר מילקעס"	""	""
"אשר מסטאלין"	""	""
"הרש""ז"	""	""
"החסיד"	""	""
"קייסר פאוויל"	""	""
"הקייסר
                        אלכסנדר"	""	""
"הקייסר אלכסנדר"	""	""
"אביגדוד
                            אביגדור"	""	""
"יהושע צייטלעס משקלאב"	""	""
"סנדר"	""	""
"האב""ד דק""ק חמעלניק"	""	""
"ווייטיל"	""	""
"אהרן הלו הורוויץ"	""	""
"מוה״ר״א"	""	""
"ישראל
                        יוסף"	""	""
"הצדיק בוצינא קדישא מריזין"	""	""
"הקדוש מקאריץ"	""	""
"הרב מנישחיז"	""	""
"הרר""ל"	""	""
"הסבא מספאלא"	""	""
"מענדילע פריסטקר"	""	""
"הרה""ק מליזענסק"	""	""
"ישראל פאליצקער"	""	""
"אברהם קאליסקער"	""	""
"חייקול המדורער"	""	""
"בער המגיד"	""	""
"מילך"	""	""
"המה״ג"	""	""
"משה
                        ליב"	""	""
"פייוויש
                        מבאלשוועץ"	""	""
"צבי
                        מזידישטוב"	""	""
"מהרי״צ"	""	""
"מהרמ״ל"	""	""
"מהרמ״פ"	""	""
"חיים וויינשנקער"	""	""
"יעקב
                        יצחק"	""	""
"האלהי ז""ל מסטרעליסק"	""	""
"הקדוש מנישחיז"	""	""
"הרה""ק מסטרעליסק"	""	""
"הצדיק מפרעמישלאן"	""	""
"גדלי'"	""	""
"מהרש""א"	""	""
"אלי' הנביא"	""	""
"וואלף קוצעס"	""	""
"הרד""פ"	""	""
"בעל שם טוב"	""	""
"מוהר״ם"	""	""
"פייוול"	""	""
"הדוכס"	""	""
"פלאצקליב"	""	""
"נקולי"	""	""
"יהושע צייטלעס"	""	""
"ליבוש"	""	""
"הזקנה"	""	""
"רמ״ל"	""	""
"שלמה לוצקר"	""	""
"חזן, אברהם בן נחמן ישראל"	""	""
"Chazan, Abraham"	""	""
"גדלי׳ מלינעץ"	""	""
"מנאסכוז"	""	""
"שניאר זלמן"	""	""
"אדומו"	""	""
"מורנית"	""	""
"דוד מטשערין"	""	""
"שמואל אייזעק"	""	""
"אדמו״ר"	""	""
"ה'"	""	""
"יקותיאל"	""	""
"יהושע
					מזשערין"	""	""
"עירא"	""	""
"יצחק מדאשיב"	""	""
"נתנאל מטעפליק"	""	""
"שמואל מטעפליק"	""	""
"אייזיק יוסף"	""	""
"ראובן יוסף"	""	""
"משה מלאדיזען"	""	""
"מלאדיזען"	""	""
"לייב אפטער"	""	""
"יואל חנה מלאדיזען"	""	""
"דוב אאייעלס"	""	""
"נחמן ב""ר יודיל"	""	""
"אהרן ניסן"	""	""
"ר""נ"	""	""
"ממרן אלהי"	""	""
"ראב""ע"	""	""
"משה חריף"	""	""
"בעל"	""	""
"איסרל אבי"	""	""
"שמעלקי
					מניקלשפורג"	""	""
"א ימלך מליזענסק"	""	""
"פישעל סופר"	""	""
"זכריהו"	""	""
"בנעט"	""	""
"רר״ז"	""	""
"רר""ש"	""	""
"אהאב"	""	""
"יהוא"	""	""
"יהוא בן נמשי"	""	""
"אליעזר ליפא"	""	""
"יצחק אייזיק זצללה""ה מזידיטשוב"	""	""
"יהושע בן קרחה"	""	""
"גירי צדק"	""	""
"פנחס הכהן בר חמא"	""	""
"יהושוע בן לוי"	""	""
"מאיריל מפרימשלאן"	""	""
"שלמה קלונער"	""	""
"אברהם
					אבינו"	""	""
"משה
					רבינו"	""	""
"מוה׳"	""	""
"בצלאל בן אורי בן"	""	""
"דהרמב""ם"	""	""
"בצלאל בן אורי בן חור"	""	""
"מענדיל זלהה""ה מקאסיב"	""	""
"יהודא צבי"	""	""
"ילא"	""	""
"שירא"	""	""
"שילא"	""	""
"עשי"	""	""
"זאבליטאוו"	""	""
"מריזין"	""	""
"דור"	""	""
"חיים מקאסיב"	""	""
"הזייגעריל"	""	""
"משך"	""	""
"שון"	""	""
"לייבלך"	""	""
"ליטוואק"	""	""
"׳ ברוך"	""	""
"אק"	""	""
"ר' בער"	""	""
"מרצדיק"	""	""
"איצקיל דראביטשער"	""	""
"אורייתא"	""	""
"נאטיכעס"	""	""
"צביך"	""	""
"איציקיל מקאליש"	""	""
"אהרן ארי׳"	""	""
"צדוק ז""ל"	""	""
"וייל"	""	""
"׳ צרוק"	""	""
"פאנטאסקע"	""	""
"גיוואלד"	""	""
"ניקול שפורג"	""	""
"הבעה"	""	""
"דוד זלאטים"	""	""
"אליעזר הגדול
					מדאליגע"	""	""
"ישראל מפיקאב"	""	""
"לוי יצחק מבארדטשיב"	""	""
"מפיקאב"	""	""
"צבי מזדיטשוב"	""	""
"מסאס״ב"	""	""
"טריפות"	""	""
"מזידיטשוב"	""	""
"׳ יהודא החסיד"	""	""
"יודא צבי"	""	""
"משה איסריליש"	""	""
"מאנדאטאר"	""	""
"פאביש
					מבאלשיוועץ"	""	""
"׳ ריינש"	""	""
"ריינש"	""	""
"׳ עוזר"	""	""
"ארון קליוואנער"	""	""
"יעקב שמשון משפיטיווקע"	""	""
"' ארי׳ לייבש אבר""ק"	""	""
"ארין קליוואנער"	""	""
"משפטיווקע"	""	""
"סאטינוב"	""	""
"מוואליטטיסק"	""	""
"וואליטטיסק"	""	""
"שלח"	""	""
"שיחות צדיקים"	""	""
"פייוויל מסניטין"	""	""
"הר׳ פייוויל"	""	""
"מאטי"	""	""
"ה״ר עוזר"	""	""
"אייזיק מ"	""	""
"צבי מנאדבורנא"	""	""
"יוסלי יאמפלער"	""	""
"יעספראווניק"	""	""
"טשאפאסניק"	""	""
"חיים שיחי׳"	""	""
"יודא"	""	""
"הבעה""ג"	""	""
"זיינוויל"	""	""
"׳ יהודא צבי"	""	""
"עמבערנער"	""	""
"דוד מפואמארין"	""	""
"׳ מאיריל"	""	""
"מאירי"	""	""
"סאנדיגערי"	""	""
"אברהם
					דוד"	""	""
"לה""ר"	""	""
"מאיריל זרל"	""	""
"חדש"	""	""
"ארישע"	""	""
"נעמן"	""	""
"נותן"	""	""
"משאטץ"	""	""
"הנגיד"	""	""
"וואליחיי"	""	""
"איציקיר
					מקאליש"	""	""
"דודי"	""	""
"ויאמר"	""	""
"טשעריץ"	""	""
"האיש"	""	""
"רוזין"	""	""
"מאיריל ש"	""	""
"הריזניר"	""	""
"מאיריל מפרמישלאן"	""	""
"דגן"	""	""
"יודליך"	""	""
"יצחק אייזיק מזודיטשוב"	""	""
"צבי מזודיטשוב"	""	""
"אברהם בומיל"	""	""
"שמעון בן חלפתא"	""	""
"לוי יצחק זצלה""ה מבארדיטשוב"	""	""
"הר׳ חיים טרעגיר"	""	""
"הר׳ חיים"	""	""
"חיים סערצע"	""	""
"זלמן קאווליר"	""	""
"ר' מענדלי זי""ע"	""	""
"גרענדאוויטש מק׳ איוואסקיוויץ"	""	""
"זאב וואלף מטשארנסטרי׳"	""	""
"ה״ק"	""	""
"נטע פידהאיצער"	""	""
"חיים מצאנז"	""	""
"יעקוב פאליק מנאדבורנא"	""	""
"הבעה""ב"	""	""
"מוהר״ר"	""	""
"אברהם הפיסה"	""	""
"אבהו"	""	""
"יצחק יפה"	""	""
"אדומו״"	""	""
"יוסף שאול הלוי"	""	""
"רות"	""	""
"משיח בן דוד"	""	""
"אונקלוס"	""	""
"שונמית"	""	""
"איתמר"	""	""
"התויו""ט"	""	""
"מלכי צדק"	""	""
"שם בן נח"	""	""
"יתרו"	""	""
"יעקב יוסף
					הכהן"	""	""
"פורת"	""	""
"קיומא
					החדא"	""	""
"פולנאה ונעמירוב"	""	""
"גרשון קיטעווער"	""	""
"מענדעלי הרי"	""	""
"שניאור ולמן מלאדי"	""	""
"מעזיריטש"	""	""
"ניסן"	""	""
"טשערנאביל"	""	""
"אברהם
					המלאך"	""	""
"זרח"	""	""
"בעש"	""	""
"משית"	""	""
"זצוק""ל"	""	""
"חסד"	""	""
"שלוני"	""	""
"ישראל חריף"	""	""
"בעש״ע"	""	""
"ברוך מאיוועניץ"	""	""
"ברוך ממעזבוז זצוק""ל"	""	""
"בעש״ט
					זיידע"	""	""
"וואלף
					קיצעס"	""	""
"וואלף קיצעס"	""	""
"ריב״ש"	""	""
"הו״ר"	""	""
"עש״"	""	""
"יצחק
					מסקווירא"	""	""
"צוק""ל"	""	""
"קן"	""	""
"זכרייהו
					הנביא"	""	""
"משה
					חיים אפרים"	""	""
"דיר"	""	""
"איז"	""	""
"איצט ליכטיג אין מיר איז פריער
					גיווען ליכטיג"	""	""
"יעקב
					יוסף הכהן"	""	""
"הרה"	""	""
"גה״ק"	""	""
"ברוך
					ממעזבוז זצוק""ל"	""	""
"ברוך בעש״ק"	""	""
"יחיאל
					מיכל מזלאטשוב"	""	""
"אליקום בריעה
					זצוק""ל בן"	""	""
"לוי יצחק מברדיטשוב"	""	""
"ברוך שה""ש"	""	""
"נדן"	""	""
"חמעלניק"	""	""
"ברוך בן"	""	""
"אביש אבד״ק פפד״מ"	""	""
"יעקב מליסא"	""	""
"רע״א"	""	""
"משו"	""	""
"שפחה"	""	""
"נתן שפירא"	""	""
"יצחק מנעסחיז"	""	""
"יואל סירקיש"	""	""
"מנחם בן עמיאל בן דוד"	""	""
"שירון"	""	""
"טטרון"	""	""
"ארמילוס"	""	""
"בן מעור בן גזיר"	""	""
"מראן"	""	""
"סולימאן בן עבד אלמלך"	""	""
"יב"	""	""
"ב״ח"	""	""
"נפתלי הכהן"	""	""
"מאטילע מטשארנאביל"	""	""
"מדרכי"	""	""
"ישראל
               מרוזין"	""	""
"מיכולה"	""	""
"בעהש״ט"	""	""
"ליב טרעסטינעצר"	""	""
"יצחק דראביטשער"	""	""
"איצעלע משיחת"	""	""
"משה שטאגעל"	""	""
"משה
               שטשאגיל"	""	""
"דוד לייקס"	""	""
"אלעקסע"	""	""
"שלמה
               מקארלין"	""	""
"צ״י"	""	""
"ישעי' פינטו"	""	""
"מנשה"	""	""
"חיים וויינשענקר"	""	""
"חיים ווינשענקער"	""	""
"ישעי׳ סלוצקער"	""	""
"ישעי′"	""	""
"רבקה"	""	""
"רמב""ן"	""	""
"איוב"	""	""
"משה מסאווראן"	""	""
"הר״"	""	""
"משה ליב מסאסיוו"	""	""
"פינחס קאלימייאר"	""	""
"האר"	""	""
"המוכסן"	""	""
"קנאעז"	""	""
"בן ישי"	""	""
"זכרי׳ מענדיל"	""	""
"רר״ש
					מנ״ש"	""	""
"הגר""ש"	""	""
"שמואל הכהן"	""	""
"שמואל פרץ"	""	""
"שמעון דייטש"	""	""
"מאירל מטיקטין"	""	""
"צבי יחזקאל"	""	""
"משולם זלמן אשכנזי"	""	""
"יעקב בן עטיל"	""	""
"אחא"	""	""
"חיים כ״ץ"	""	""
"שמואל יוסף חיים"	""	""
"בינה"	""	""
"רר״א"	""	""
"הש״ך"	""	""
"המגיד ממעזעריטש"	""	""
"רפב״י"	""	""
"המגיד
					ממעזעריטש"	""	""
"מנחם מענדלי"	""	""
"צבי יהושע הלוי"	""	""
"נפתלי מראפטשיץ"	""	""
"צבי הירש הורוויץ"	""	""
"צבי הירש הלוי"	""	""
"מנ״ש"	""	""
"סענדיר חיים"	""	""
"זלמן פערילס מבראד"	""	""
"ראב״א"	""	""
"אפרים זלמן מרגליות"	""	""
"פנחס הלוי איש הורוויץ"	""	""
"אברהם ברודא"	""	""
"אברהם לעווענשטאם"	""	""
"טעבלי מליסא"	""	""
"יעקב יהושע הלוי"	""	""
"לייזריל"	""	""
"דניאל יפה"	""	""
"צבי הירש מטשארטקוב"	""	""
"יעקב לנדא"	""	""
"רצ""ה"	""	""
"איציקיל דער דארער"	""	""
"ר״ה"	""	""
"שלמה דוב"	""	""
"מאיר הלוי איש הורוויץ"	""	""
"יהושע העשיל"	""	""
"נחום הלוי"	""	""
"נפתלי הירץ"	""	""
"מאיר הלוי
					מטיקטין"	""	""
"משה יוסף"	""	""
"מהר""ם"	""	""
"מראה כהן"	""	""
"נוב״י"	""	""
"יצחק כ״ץ"	""	""
"רודולפיס"	""	""
"מאיר הלוי מטיקטין"	""	""
"משה ק״ב"	""	""
"מנחם מאניס"	""	""
"חיים האלברשטאם"	""	""
"אבישיל"	""	""
"שלום חייט"	""	""
"משולם"	""	""
"זישא"	""	""
"פרידריך"	""	""
"מייזילס"	""	""
"שניאור זלמן"	""	""
"ישראל בעש""ט"	""	""
"לאדי"	""	""
"אבגדור
                     אבנדור"	""	""
"הקיסר פאויל"	""	""
"הקייזר"	""	""
"הרב
                  המגיד"	""	""
"מהרד״ב"	""	""
"הר״רא"	""	""
"אהרן בר׳ משה הלוי הורוויץ"	""	""
"פרידקע"	""	""
"אברהם שינעס"	""	""
"מנחם מגלי סופר"	""	""
"משה יעקב זצ""ל"	""	""
"אברהם יהושע העשל"	""	""
"מתתיהו"	""	""
"שמו ר׳"	""	""
"חמד"	""	""
"שענקיר"	""	""
"איתק"	""	""
"אייזיקיל"	""	""
"אייזיקל"	""	""
"מ' בעריש"	""	""
"אב""י"	""	""
"מו"	""	""
"מע"	""	""
"אייזק אייזק"	""	""
"מיכל ביראווער"	""	""
"מיכל ביראווער מגלייוויטץ"	""	""
"מהר""א"	""	""
"צבי הירש קאטלברג"	""	""
"יוסל סדגר"	""	""
"מנחם בן גיטל"	""	""
"יעקעלי מזאטיר"	""	""
"יוסל סאדגר"	""	""
"הור""א"	""	""
"׳ בעריש"	""	""
"דודל"	""	""
"משה לעליווער"	""	""
"מיכלי זלאטשבר"	""	""
"יצחק דראביטשר"	""	""
"משה ליב סאסבר"	""	""
"משה שוחט"	""	""
"מהר""ש מקרשאנוב"	""	""
"ווילטשיק"	""	""
"מהרי""א"	""	""
"הריה״ק"	""	""
"משה פשעווסקער"	""	""
"שלמה
					אפרים"	""	""
"ש""א"	""	""
"אפרים ייטשינוק"	""	""
"אפרים ייטישניק"	""	""
"משה אוסטרער"	""	""
"אליה"	""	""
"אדם בע""ש"	""	""
"בעל מגלה עמוקות"	""	""
"יחזקאל
						מפראג"	""	""
"אדם בעש״ט"	""	""
"ישראל פאלעצקער"	""	""
"הסבא מספאלע"	""	""
"שמעון בן יוחאי"	""	""
"ישעיה פיק"	""	""
"ישראל בעל שם טוב"	""	""
"לוי יצחק מבארדיטשוב"	""	""
"פייבוש"	""	""
"יצחק מנעסחיש"	""	""
"חיים מקראסנע"	""	""
"דוד ממקאלייעוו"	""	""
"דוד ממקאלייעב"	""	""
"אייזיק מקאמרנא"	""	""
"גור אריה"	""	""
"שרירא גאון"	""	""
"ישכר בער"	""	""
"נחוניא בן הקנה"	""	""
"גדליה מזעלחאב"	""	""
"מנחם מענדיל מפרעמישליאן"	""	""
"משה חאגיז"	""	""
"אריז״ל"	""	""
"׳ ליב"	""	""
"גדליה מלוניץ"	""	""
"שרה""ס"	""	""
"נחמן קאסאווער"	""	""
"חיים בן עטר"	""	""
"משה אלשיך"	""	""
"אלשיך"	""	""
"נחום ממקארוב"	""	""
"יעקב יותנן"	""	""
"שמואל מקאמינקע"	""	""
"נחום
					מטשערנאביל"	""	""
"צבי יהושע הלוי איש הורויץ"	""	""
"יצחק אהרן"	""	""
"יוסף שאול הלוי נאטינזאהן"	""	""
"משולם זלמן"	""	""
"שלמה קלוגר"	""	""
"ש""ב"	""	""
"יצחק שמשון הורוויץ מייזילש"	""	""
"טשערנאוויטץ"	""	""
"איי"	""	""
"צבי הירש ממטשארטקוב"	""	""
"יצחק מפוזנא"	""	""
"שלמה שפירא"	""	""
"מהר""צ מזידיטשוב"	""	""
"הקדוש
               ממעזיביז"	""	""
"מהרמ""פ"	""	""
"רמ""ל"	""	""
"נפתלי כ״ץ מפוזנא"	""	""
"יונתן אייבשיץ מפראג"	""	""
"זאב וואלף מזיטאמיר"	""	""
"אפרי' פישלע מסטריקאוו"	""	""
"נח מקארוב"	""	""
"יעקב ארי׳"	""	""
"ברדיטשוב"	""	""
"זצ""ל"	""	""
"״ק מברדיטשוב"	""	""
"״ש מקארוב"	""	""
"חיים ליב"	""	""
"מעזריטש"	""	""
"פישלע"	""	""
"מאירל משעדליץ"	""	""
"מוהר""ש בונם"	""	""
"״ש בונם"	""	""
"מאיר שעדליצער"	""	""
"מוהר""ש מקארוב"	""	""
"רוה״ק"	""	""
"לבו""ש"	""	""
"יחזקאלע פרעגער"	""	""
"יחזקאלע פרעגר"	""	""
"יעי""צ"	""	""
"עזריאל הלוי הורוויץ"	""	""
"מוהרי״מ"	""	""
"משה אליקום בריעה"	""	""
"יעקאבקא"	""	""
"זלמן פויזנער מווארשא"	""	""
"מוהרי"	""	""
"איציק אוירבאך"	""	""
"איציק"	""	""
"דאברי"	""	""
"״נ"	""	""
"מוהרעק""א"	""	""
"מוהר״ע איגר"	""	""
"״ה ברוך"	""	""
"מו""ה עקיבא זצ""ל"	""	""
"חליו"	""	""
"מ׳ ברוך"	""	""
"וצינא קדישא"	""	""
"אברהם שמואל בנימין"	""	""
"חריף"	""	""
"רצ""ה פארצאווער"	""	""
"הרצ""ה"	""	""
"יוסלי טארציינער"	""	""
"מוהר""ב"	""	""
"מאירל הלוי הורוויץ"	""	""
"מאירל לאסקער"	""	""
"מאירל משעפס"	""	""
"ק מקאזניץ"	""	""
"מאירל משטפס"	""	""
"גיקטיליא"	""	""
"מאירל מלאסק"	""	""
"מרדכי בנשט"	""	""
"נעט"	""	""
"יעקב חיים זעליג"	""	""
"א""ע"	""	""
"גש"	""	""
"׳ יה""ז אבד״ק לובראנץ נ״י"	""	""
"רש""ב"	""	""
"ר""ש בונם"	""	""
"ק מוהר״ז"	""	""
"מ מענדל"	""	""
"מלובראנץ"	""	""
"אלעזר הכהן"	""	""
"זעליג חכמה"	""	""
"תומ״י"	""	""
"מג""א"	""	""
"ווארחי"	""	""
"רמי"	""	""
"אבוש"	""	""
"אבושל"	""	""
"הר""ב"	""	""
"ה״ה"	""	""
"חיים וויטאל"	""	""
"ו"	""	""
"קפדנא"	""	""
"מהרי"	""	""
"חנוך העניך הכהן מאלכסנדר"	""	""
"חנוך העניך"	""	""
"חנוך העניד"	""	""
"מוהרח״ה הכהן"	""	""
"יונתך"	""	""
"חיים מוולאזיו"	""	""
"רא""ש"	""	""
"רר""י"	""	""
"יונה לאנדסופר"	""	""
"אבד״ק וויסקיט"	""	""
"ור""י"	""	""
"זאב מזיטאמיר"	""	""
"מנשה בן חזקי׳"	""	""
"מנשה בן חזקי'"	""	""
"אל ווארקעס"	""	""
"נחלה"	""	""
"רא״מ"	""	""
"מהר""ש בונם"	""	""
"מוהרח""ה"	""	""
"מור""י"	""	""
"מקוצי"	""	""
"חננו"	""	""
"מאל"	""	""
"אלופי"	""	""
"בלהה"	""	""
"פלגש"	""	""
"ראובן עדן"	""	""
"מראובן"	""	""
"יהודה חייע"	""	""
"חרד מיכל"	""	""
"לאקאש"	""	""
"לביא"	""	""
"פיון"	""	""
"פ'"	""	""
"הארי"	""	""
"נפלי"	""	""
"הר״ר"	""	""
"ריה"	""	""
"הונו"	""	""
"הרתה"	""	""
"לם"	""	""
"תנד"	""	""
"להגביר"	""	""
"הראש ישיבה"	""	""
"הראש"	""	""
"אהו"	""	""
"ראות"	""	""
"הר׳ נפתלי"	""	""
"מיכאל לוי
                        פרומקין"	""	""
"ישראל מ״מ דק""ק קאזעניץ"	""	""
"אשת ר׳ שבתי"	""	""
"המגיד מקאזעניץ בעהמ""ח ספר עבודת ישראל"	""	""
"אברהם יהושיע העשיל זצ""ל
                            מאפטע"	""	""
"מיכל
                            מזלאטשוב"	""	""
"דוד ממיקלייעב"	""	""
"דוד מקלייעוור"	""	""
"הרב
                        המוכיח"	""	""
"מנחם מענדיל נ""י
                            מוויטעפסק בעהמ""ח ספר פרי
                            הארץ"	""	""
"הרב בת""י"	""	""
"ר״מ מענדיל"	""	""
"יעקב
                        יוסף בעהמ""ח התולדות י""י"	""	""
"הרר""מ מענדיל"	""	""
"מדינת
                        וואלחיי"	""	""
"המגיד
                            מקאזעניץ"	""	""
"הרה״ק
                            מלובלין"	""	""
"ליב מסַוואלק בן ר׳
                        אליעזר"	""	""
"מהרה""מ"	""	""
"מנחם נחום
                            מטשארנאביל"	""	""
"מנחם מענדיל ז""ל מוויטעפסק (בעמ״ח פרי הארץ)"	""	""
"בת הרב ר׳ אהרן"	""	""
"רש""ז בעהמ""ח התניא"	""	""
"האב״ד דק""ק קראקא"	""	""
"משה בעל המפה על
                        הש""ע"	""	""
"חיים ברבי בצלאל בעל המחבר ספר החיים וספר
                            אגרת הטיול"	""	""
"מוהר""ל מפראג"	""	""
"יוסף קארו
                            קארי"	""	""
"אברהם יהושוע העשיל"	""	""
"פב״פ"	""	""
"מרש״א"	""	""
"הר״מ
                        הרה""מ"	""	""
"חיים ברבי בצלאל"	""	""
"הר""א
                        הר""ח"	""	""
"ברוך נ״ע ממעזיביז"	""	""
"ברוך נ״ע"	""	""
"מרדכי מטשירנאביל"	""	""
"ליבליע אלטשידאיווער"	""	""
"שלמה קארלינר
					זלה""ה"	""	""
"ברוך ג״"	""	""
"יוסקי"	""	""
"דלבא
					נחמן יעקב בן לא""א"	""	""
"וצינא דנהורא"	""	""
"אברהם יעקב"	""	""
"׳ נחמן"	""	""
"ברוך
					ממעזוביז"	""	""
"דוד גוטמאן"	""	""
"אלכסנדר אורינשטיין"	""	""
"משה דוד גוטמאן"	""	""
"דבי נשיאה"	""	""
"נחום דוב"	""	""
"יהושע אורינשטיין"	""	""
"אברהם איסר"	""	""
"נחמן מק׳ באר"	""	""
"ארי דבי"	""	""
"יפרח"	""	""
"צבי הירש שטערינבערג"	""	""
"אהרן דאהל
					מרדכי שרגא"	""	""
"ברוך ממעזביז"	""	""
"דוד שוואגער"	""	""
"קב""ה"	""	""
"בהשי״ת"	""	""
"פנחס מאוסטראה"	""	""
"משיחך"	""	""
"בר אבוה"	""	""
"מלבא"	""	""
"פנחס בן"	""	""
"יאיר"	""	""
"רפב""י"	""	""
"ערדכי"	""	""
"קי"	""	""
"עמלק"	""	""
"רישא"	""	""
"סיפא"	""	""
"יעקב מבאר שבע"	""	""
"מרע""ה"	""	""
"הקב"	""	""
"פשיבא"	""	""
"חפני"	""	""
"שמואל ירהינאה"	""	""
"מסמכי'"	""	""
"מתתתי׳"	""	""
"חשמונאי"	""	""
"יוחנן כהן"	""	""
"צדוקי"	""	""
"יוחנן צדוקי"	""	""
"חננ"	""	""
"יוחנ"	""	""
"ן"	""	""
"חנוב״י"	""	""
"נר"	""	""
"חנוכח"	""	""
"נחום מטשירנאביל זצלה""ה"	""	""
"ברוך נ״"	""	""
"פרש״י"	""	""
"יעקב אבינו"	""	""
"רחל"	""	""
"הי׳"	""	""
"צווע בענקינש"	""	""
"דיא צווע"	""	""
"מעך"	""	""
"ארים"	""	""
"יעקב חקיק"	""	""
"סכיני׳ פרש״י"	""	""
"ר""ש בן לוי"	""	""
"יעקב
					אבינו"	""	""
"פנחס זצלה""ה"	""	""
"הר׳ פנחס"	""	""
"זאח"	""	""
"זקיני"	""	""
"בני מו׳"	""	""
"בוצינא דנהירא"	""	""
"חיים
					טשערניוויצער"	""	""
"וואליחיי מק' באטישאהן"	""	""
"הר׳ אביגדור"	""	""
"פעם
					א׳"	""	""
"ימינאדע"	""	""
"אב"	""	""
"מדי"	""	""
"ר׳"	""	""
"מסיקאל"	""	""
"סדילקוב"	""	""
"ר' ברוך ממעזיביז"	""	""
"מוהר""ר יעקב שמשון
					משפיטיפקע"	""	""
"מטי"	""	""
"שמשון בן ראסי'"	""	""
"משה מקיטוב"	""	""
"אשלי
					rברבי"	""	""
"ריקנא"	""	""
"אליעזר מטלוסט"	""	""
"משה נרו יאיר"	""	""
"יעקב יוסף הכהן מפילינאה"	""	""
"נ"	""	""
"כבוד"	""	""
"מוהר""ר יוסף הכהן נ״י"	""	""
"אהרן מפאווליוויטש"	""	""
"משה צבי"	""	""
"נחום נבג״"	""	""
"נבוכדנצר"	""	""
"מרדכי באאמו״ר"	""	""
"מנחם נחום הנ""ט
					מטשירנאביל"	""	""
"נחום מטשירנאביל"	""	""
"צ״ח"	""	""
"בעש""ע"	""	""
"רר""ב"	""	""
"ליב מלעטיטשוב"	""	""
"ר״ב מפרשיסחא"	""	""
"המהר""ל מפראג"	""	""
"מאטילי המגיד מטשערנאביל"	""	""
"הר""נ"	""	""
"ישראל המגיד מקאזניץ"	""	""
"קשאנזי שאטרינסקי"	""	""
"אפרים פישל"	""	""
"הבית יוסף"	""	""
"בוצ״נ"	""	""
"גאלדאלי"	""	""
"אורי מסטרעליסק"	""	""
"אוריי"	""	""
"וואפטשי לעמבורגער"	""	""
"נטע וולאדווער"	""	""
"יששכר דוב"	""	""
"ישכר דוב"	""	""
"סעודיה גאון"	""	""
"סעדי׳ גאון"	""	""
"הירש מבאלחוב"	""	""
"הש""ך"	""	""
"רחיד״א"	""	""
"יוסף שאול נאטינזאהן"	""	""
"חיים מאיר יחיאל"	""	""
"הר״ת"	""	""
"יעקב מלובלין"	""	""
"יצחק מדראוויטש"	""	""
"ליביש שידלאווצער"	""	""
"לייביש"	""	""
"הרמ""י"	""	""
"זושא
					מהאניפלע"	""	""
"יחזקאל מקאזמיר"	""	""
"יהושע העשיל
					מאפטא"	""	""
"היהודי הקדוש"	""	""
"היהודי
					מפרשיסחא"	""	""
"ליביש
					מאפאלע"	""	""
"ליביש מאפלע"	""	""
"שמואל שמעלתא"	""	""
"מוהרי״ל מזאקולקוב"	""	""
"מוהרי""ל מזאקלקוב"	""	""
"עיליש"	""	""
"ישראל משה חזן"	""	""
"נתן צבי"	""	""
"שמואל
					מקאריב"	""	""
"שלמה מקאנסקיוואלי"	""	""
"ר""ש מקארוב"	""	""
"שמואל דוב"	""	""
"אורי מסטרעילסק"	""	""
"המג״א"	""	""
"משה סטעניצר מזעליחאוו"	""	""
"שמשון הרב דק""ק ראשקוב בן הרב הק׳ דק""ק פולנאי"	""	""
"גרשון
                        קיטעבר"	""	""
"אשת הבעש״ט"	""	""
"ישראל בעש""ט
                            ממעזיבוז"	""	""
"אבד""ק נעמרוב בעל המחבר ספר תולדות יעקב יוסף"	""	""
"אב""ד
                        דק""ק קוטב מו""ה משה"	""	""
"צבי
                        סופר"	""	""
"בעל אור החיים"	""	""
"אדם
                        בעש״ט"	""	""
"אפרים מסדילקב"	""	""
"יצחק אייזק בן הרב דק""ק
                            ברעהין"	""	""
"הרב דק""ק
                            ברייאהין"	""	""
"הרב דק""ק קיטוב"	""	""
"דוד מ""מ דק""ק
                            קאלימיי'"	""	""
"פאלק החסיד המפורסים דק""ק
                            טיעשילנק"	""	""
"אברהם
                        אב""ד דק""ק דובאסר"	""	""
"הרב הק׳ דק""ק פולנאי בעל המחבר ספר תולדות יעקב
                            יוסף"	""	""
"המגיד הגדול דק""ק
                            מעזריטש"	""	""
"יוסף אשכנזי ש״ץ"	""	""
"יעקב ממעזיבוז"	""	""
"זאב
                        קוצעס"	""	""
"מנחם נחום
                            מטשארנביל"	""	""
"שמעריל מ״מ דק""ק
                            ויורטיווקע"	""	""
"הר""ג מקיטוב
                        מא""י"	""	""
"הרב הגאון הקדוש המפורסם דק""ק פולנאי"	""	""
"חיים
                            מבראד"	""	""
"יואל מ""מ דק""ק נעמרוב"	""	""
"אברהם שווערדליק
                            מירושלים"	""	""
"אליעזר מטאמאשפאלי"	""	""
"יחיאל אב""ד דק""ק קאוולי"	""	""
"יחיאל
                            מקוליווער"	""	""
"יוסף מזורניץ"	""	""
"מאיר מאופאליע"	""	""
"אהרן דק""ק מעזיבוז"	""	""
"אברהם
                        אבינו"	""	""
"דוד ממיקליעב"	""	""
"ליבש דק""ק
                        מעזריטש"	""	""
"יצחק דק""ק מעזריטש"	""	""
"יוסף יוזפא מק""ק אוסטרא"	""	""
"פרומע ריבלע"	""	""
"שמואל הקצין"	""	""
"בער
                        בן בונים"	""	""
"פאלק אב""ד דק""ק טיטשיניק"	""	""
"ר""ח וויטאל"	""	""
"יעקב אב""ד דק""ק סמילא"	""	""
"פסח בנו של ר׳ יעקב מקאמינקע"	""	""
"סופר"	""	""
"ברוך
                            מקאמינקע"	""	""
"יודל
                            מטשידנוב"	""	""
"שניאור נכד רב נחמן"	""	""
"בעל המחבר ספר תולדות יעקב
                            יוסף"	""	""
"דוד פורקעס ז""ל מ""מ דק""ק
                            מעזיבוז"	""	""
"ליב מוכיח
                            מפולנאי"	""	""
"אשת ר׳ אהרן"	""	""
"דוב בער המגיד ממעזריטץ וראוונע"	""	""
"ליב מסינאמי"	""	""
"דוד סופר
                            מאניפאליע"	""	""
"ישראל זצוק""ל מ""מ דק""ק
                            קאזניץ"	""	""
"שבתי כורך ספרים"	""	""
"אשת ר' שבתי"	""	""
"הרב דק""ק קארושטיסאב הנקרא
                        בשמו רבי דוד"	""	""
"זעליג דק""ק לעטשוב"	""	""
"הרב דק""ק ביטשוב"	""	""
"יוסף
                            מיאמפאלע"	""	""
"דוד
                        צערקס"	""	""
"אברהם
                        אבא"	""	""
"ברוך מק""ק טולטשין"	""	""
"מנחם נחום
                        מטשערנאביל"	""	""
"יונה בן
                        אמתי"	""	""
"הרב מטוראווע"	""	""
"ארי' ליב מפולנאי"	""	""
"משה אוסטריער בעל
                            ערוגות הבושם"	""	""
"הרב מלוצק"	""	""
"הרב
                            מלוצק"	""	""
"ליב
                        קעסלר"	""	""
"נחמן
                            מהראדינקי"	""	""
"יעקב מק""ק מעזיבוז"	""	""
"יעקב
                        יוסף הכהן אבד""ק פולנאי בעל תולדות יעקב יוסף"	""	""
"יואל מ""מ דק""ק
                        נעמרוב"	""	""
"בעהמ""ח ספר תולדות יעקב יוסף
                            :"	""	""
"צבי
                        מקאמעניץ"	""	""
"המ""מ דק""ק לאדזיאן"	""	""
"שלום מארץ
                        המערב"	""	""
"הר""ג"	""	""
"ור""ג"	""	""
"ליפע ז""ל מק""ק
                        חמעלניק"	""	""
"הרב אור
                        החיים"	""	""
"ישראל
                        בע""ש"	""	""
"הרב אור החיים"	""	""
"האור
                        החיים"	""	""
"הרב אוה""ק"	""	""
"המגיד הגדול
                            ממעזריטץ"	""	""
"הרב דק""ק דראזינץ שהיה אב""ד בק""ק פאוולויץ"	""	""
"מענדיל מק""ק באר"	""	""
"יעקב
                            מהניפאלי"	""	""
"גרשון דק' פאווליץ"	""	""
"המגיד הגדול דק""ק מעזריטש"	""	""
"מנחם נחום
                        מק' טשעראנביל"	""	""
"יואל
                            מפראטהור"	""	""
"מדינות
                        האלעסי'"	""	""
"מוהר״ם מטשארנביל"	""	""
"כלת הרב המ""מ הגדול
                        אשת הר׳ אברהם"	""	""
"פייוול בעמה""ח ספר משנת
                            חכמים"	""	""
"יהודה ליב כהן"	""	""
"מנחם מטשארנביל"	""	""
"הדאקטער גורדע"	""	""
"מהרה״מ"	""	""
"המגיד הג'"	""	""
"מרדכי מטשארנביל
                                טשאראביל"	""	""
"מנחם מענדיל מוויטפעסק ז""ל (בעהמ""ח פרי הארץ)"	""	""
"מנחם מענדיל מוויטעפסק בעל פרי הארץ"	""	""
"מנחם מענדיל נ""ע
                            מוויטעפסק בעמה""ח ספר פרי
                            הארץ"	""	""
"בעמה""ח תולדות יעקב יוסף"	""	""
"והרב בת""יי"	""	""
"יעקב יוסף בעמה""ח התולדות י""י"	""	""
"הרי""י"	""	""
"יחזקאל אבד""ק
                            יאנפאלי"	""	""
"אליעזר מאמשטרדם"	""	""
"שמשון בן רב נחמן"	""	""
"יחיאל
                            מיכלמזלאטשוב"	""	""
"מיכל מזלאשטוב"	""	""
"מיכל
                            מזלאשוב"	""	""
"יוסף
                            מיאנפלי"	""	""
"יוסף מזמיגראד"	""	""
"יעקב יוסף מפולנאה"	""	""
"מוהר""ם"	""	""
"אב וואלף
                            מזבערז"	""	""
"המגיד
                        הגדול"	""	""
"מרדכי מטשארנביל"	""	""
"מאיר מבארדיטשוב"	""	""
"הרב
                            מפינסק"	""	""
"הרב מקארלין"	""	""
"הרב הקדוש מסאווראן"	""	""
"מהר״צ מזידיטשוב"	""	""
"מהור""י יצחק מלובלין"	""	""
"הרב
                        הקדוש מלובלין"	""	""
"הרה""ק נכד הבעש״ט"	""	""
"יהודא גרשון מראזדיל"	""	""
"הרב הקדוש מלובלין"	""	""
"הרב הקדוש
                            ממעזיבוז"	""	""
"מהר״ץ מזידיטשוב"	""	""
"הרב מלובלין"	""	""
"הרב הקדוש
                            מלובלין"	""	""
"הרה""ק
                            מזידטשוב"	""	""
"הרב הקדוש מזידיטשוב"	""	""
"המוכיח הקדוש מק""ק פולנאי"	""	""
"הרה""מ ממעזריטש"	""	""
"הגאון ר׳ אליהו מווילנא"	""	""
"האבד""ק בארדיטשוב"	""	""
"בת הבעש""ט מרת אדל"	""	""
"הה""מ הגדול"	""	""
"האב""ד מבארדיטשוב"	""	""
"אביגדור הרב מפינסק"	""	""
"הה״מ
                        הגדול"	""	""
"מרדכי
                            מלעחוויץ"	""	""
"מרדכי מלעפלע"	""	""
"ליב
                        מיאנעוויטש"	""	""
"ליב
                            מיאנאויטש"	""	""
"ליב בעמה""ח ספ' שארית יהודא"	""	""
"הגאון ר׳ אלי' מווילנא"	""	""
"שאול
                            מסיראטשינע"	""	""
"הרבי
                            מרייסיין"	""	""
"הגאון החסיד"	""	""
"הרב
                        מסטאלין"	""	""
"אשר
                            מסטאלין"	""	""
"הקייסער נקולי"	""	""
"רבן יוחנן בן זכאי"	""	""
"ר׳ יוחנן בן זכאי"	""	""
"מנחם מענדיל
                            מויטעפסק"	""	""
"פנחס רוועש משקלאב"	""	""
"לוי
                        יצחק מבארדיטשוב"	""	""
"זאב
                        ואלף מזיטאמיר"	""	""
"רבי אליעזר בן עזרי'"	""	""
"אהרן
                            משטראשעלע"	""	""
"ישעיה
                        בעה״מ ספר השל״ה הקדוש"	""	""
"פריידקע"	""	""
"אברהם
                        שיינעס משקלאוו"	""	""
"רבי
                            דובראוונע"	""	""
"אברהם
                        שינעס"	""	""
"מאיר הלוי הורוויץ אבד""ק טיקטין"	""	""
"צבי הירש הלוי הורוויץ אבד""ק
                        טשארקאב"	""	""
"פנחס הורוויץ ז״ל בעמ""ח ס' המקנה והפלאה"	""	""
"פנחס הורוויץ ז""ל בעמ""ח ספר המקנה והפלאה"	""	""
"המגיד
                            דמעזריטש"	""	""
"האבד""ק
                            ראפשיץ"	""	""
"מהר״ם באנט"	""	""
"בעל נועם אלימלך"	""	""
"מהר״ם באנעט"	""	""
"פפ""ד"	""	""
"המ""מ דק""ק מעזריטש"	""	""
"ישראל מרוזין וסאדיגערייא"	""	""
"הרה""ק משפאלע"	""	""
"הרה""ק
                            משפאלע"	""	""
"הצדיק
                            מקאריץ"	""	""
"הרה""ק מריזין"	""	""
"בני הרב הצדיק מסלאוויטא"	""	""
"סבא קדישא ר׳ ליב משפאלע
                        הנקרא בפי כל שפלער זיידע"	""	""
"הרב
                            מזלאטפאליע"	""	""
"הבעל שם
                        טוב"	""	""
"מרדכי מנישחיז"	""	""
"הש״ץ ר׳ יעקב"	""	""
"בן ר׳
                        שמעון"	""	""
"הסבא
                            מספאלע"	""	""
"נכד
                        הבעש״ט ז""ל בעל דגל מחנה אפרים"	""	""
"מהר""ם פריסטקר"	""	""
"הצדיק
                            מפריסטיק"	""	""
"הרה""ק מסדילקב"	""	""
"זושא מהאנפלע אחי
                        הרה""ק בעל נועם אלימלך"	""	""
"מהר""י
                            מלובלין"	""	""
"בעל חסד לאברהם"	""	""
"אלימלך זיע""א בעמ""ח ספר נועם
                        אלימלך"	""	""
"האדון פאטאצקי
                        הצעיר"	""	""
"האדון פיטאצקי
                        הצעיר"	""	""
"המגיד הגדול ממעזריטש"	""	""
"השל""ה
                        הקדוש"	""	""
"הרה""מ הק' ממעזריטש"	""	""
"עוזיאל מייזלש בעמה""ח כרם שלמה"	""	""
"לוי יצחק הרב דריטשעוואל"	""	""
"המגיד הגדול"	""	""
"הרב
                            דריטשוואהל"	""	""
"הרב
                            מריטשוואהל"	""	""
"הגאון מריטשוואהל"	""	""
"הקדוש
                            מסאסוב"	""	""
"הצדיק
                            לסאסיב"	""	""
"אלימלך ז""ל בעמה""ח נועם
                        אלימלך"	""	""
"הצדיק מסאסוב"	""	""
"הרה""ק מסאסוב"	""	""
"פיוויש מבאלשווץ"	""	""
"הרה""ק
                            מבארדיטשוב"	""	""
"הרה""ק מסאסיב"	""	""
"צבי
                        מזדיטשוב"	""	""
"הרה""ק מזידיטשוב"	""	""
"משה ליב מסאסוב
                            סאבוב"	""	""
"חיים
                        וויינשענקער"	""	""
"יעקב יצחק הלוי מלובלין"	""	""
"ליב מסוואלק בן ר׳
                        אליעזר"	""	""
"הה""מ מקאזניץ"	""	""
"ישראל זצוק""ל מ""מ דק""ק קאזניץ"	""	""
"המגיד הקדוש"	""	""
"המגיד
                        הק׳"	""	""
"קאלבסאוו"	""	""
"האבד""ק
                            אפטא"	""	""
"הרב מאפטא"	""	""
"חיים
                        יוסף דוד אזולאי"	""	""
"הגאון אזולאי"	""	""
"אורי זללה""ה
                            מסטרעליסק"	""	""
"הרב
                            דנישחיז"	""	""
"קדוש
                            מאפטא"	""	""
"שלמה לוצקר ז""ל בעמה""ח ספר
                            דברת שלמה"	""	""
"הרב מסטרעליסק"	""	""
"גדליה
                            מזעליחוב"	""	""
"האב""ד דק""ק קראקא"	""	""
"משה בעלהמפה על
                        הש""ע"	""	""
"רב קראקא"	""	""
"חיים בר' בצלאל בעמה""ח
                            ספר החיים וספר אגרת
                            הטיול אחיו של הגאון הק' מוהר""ל מפראג"	""	""
"מרן הב""י"	""	""
"יצחק אייזק"	""	""
"דוד פורעקס"	""	""
"אברהם שווערדליק"	""	""
"יוסף יוזפא"	""	""
"המגיד מישרים"	""	""
"וויטאל"	""	""
"דוב בער המגיד"	""	""
"הרדענקעזאב קוצעס"	""	""
"דוד מתיר'"	""	""
"שמאי"	""	""
"הילל בן שחר"	""	""
"ארי' ליב"	""	""
"רומ""ע"	""	""
"משה אוסטריער"	""	""
"מה""מ"	""	""
"בעש״ן"	""	""
"ליפע"	""	""
"ליפמאן"	""	""
"אוה""ק"	""	""
"גורדע"	""	""
"חאטיןגרדע"	""	""
"שפ""א"	""	""
"הט״ז"	""	""
"פנחס רוועש"	""	""
"זוסי"	""	""
"אליעזר בן עזרי'"	""	""
"ויטיל"	""	""
"קארליןשלמה"	""	""
"שלמה הקאזקין"	""	""
"צבי הירש הלוי הורוויץ"	""	""
"באנט"	""	""
"באנעט"	""	""
"המ""מ"	""	""
"הגבאי"	""	""
"הגבאים"	""	""
"פריסטקר"	""	""
"הלל בן שחר"	""	""
"ישראל
                        עישראל"	""	""
"עוזיאל
                        עיזואל"	""	""
"יעקב יצחק הלוי"	""	""
"חיים בר' בצלאל"	""	""
"מוהר""ל מפראגקראקא"	""	""
"הב""יהשלחן ערוך"	""	""
"המחמע""ד"	""	""
"המחמד"	""	""
"צבי הירש
               מזודיטשוב"	""	""
"שמעלקא האב""ד ניקלשפורג"	""	""
"הגאון האלקי הנזכר מנקלשפורג"	""	""
"מרדכי יפה בעל
               הלבושים"	""	""
"מרדכי
                  יפה"	""	""
"החכם אבוהב"	""	""
"החכ' ר׳ אבוהב"	""	""
"עזרא במו' ידידיה"	""	""
"גדליה במוה' אברהם"	""	""
"אי""ו"	""	""
"משה חיים
                  מדקדק"	""	""
"אלימלך זי״ע בעהמ""ח ס׳ נועם אלימלך"	""	""
"מחמע""ד"	""	""
"מחמד"	""	""
"גר"	""	""
"אבוהב הספרדי"	""	""
"אבוהב"	""	""
"הספרדי"	""	""
"משה חיים"	""	""
"ישמעאל
                  ישממאל"	""	""
"משה ליליענטהאל"	""	""
"נהמן"	""	""
"נפתלי
					הירץ"	""	""
"מיכל להבעש״"	""	""
"אדומו״ר זהל"	""	""
"אדמו""ר"	""	""
"יצחק
					אייזיק"	""	""
"קהת מטירהאוויצע"	""	""
"זאב מטירהאו"	""	""
"אבא שו""ב
					מטשערין"	""	""
"זלמן מנעמרוב"	""	""
"לייב מקרומינטשאק"	""	""
"ישראל מליפיוועץ"	""	""
"חיים שארעס מברסלב"	""	""
"יעקב מברסלב"	""	""
"דוד מברסלב"	""	""
"זיילעג מברסלב"	""	""
"ישרא
					מברסלב"	""	""
"נאוושעליץ"	""	""
"משה יצחק מטירהאוויצע"	""	""
"געצי"	""	""
"ארון
					מדאשוב"	""	""
"משה מדאשוב"	""	""
"שלום מדאשוב"	""	""
"שבת"	""	""
"האריז""ל"	""	""
"המגיד מטירהאוויצע"	""	""
"קהת"	""	""
"טירהאואבא"	""	""
"לייב"	""	""
"חיים שארעס"	""	""
"זיילעג"	""	""
"ישרא"	""	""
"משה יצחק מ
					טירהאוויצע"	""	""
"געצי מלאדיזען"	""	""
"עוזר מלאדיזען"	""	""
"ארון"	""	""
"מורכ״ת"	""	""
"כלב"	""	""
"רז""י"	""	""
"אלעזר שענקעל מטארנאוו"	""	""
"יוסף פישער"	""	""
"Fischer"	""	""
"Schenkel"	""	""
"מרדכי בנעט מניקלשפורג"	""	""
"איסורל אבי"	""	""
"אלהי"	""	""
"מאליהו"	""	""
"שבתי מראשקוב"	""	""
"נפתלי מראפשיטץ"	""	""
"ד"	""	""
"אברהם
					אבן עזרא"	""	""
"א בן
					עזרא"	""	""
"רייזן"	""	""
"יחזקיהו מלך יהודא"	""	""
"עורב"	""	""
"שלמה
					המלך"	""	""
"קב"	""	""
"מררכי בנעט זי""ע"	""	""
"חת״ם סופר"	""	""
"האי"	""	""
"מרדכי בנעט זצלל""ה"	""	""
"יר"	""	""
"חת""ם סופר מפרעשבורג"	""	""
"נעט זצ""ל"	""	""
"ג"	""	""
"״ס"	""	""
"מוע"	""	""
"הר״ן"	""	""
"שפיפון בן
					ליש"	""	""
"בן ליש"	""	""
"בן
					סבר"	""	""
"הרמ״א מאורן"	""	""
"אסטניס"	""	""
"די
					ליאון"	""	""
"די ליאון"	""	""
"דליאון"	""	""
"זושא מהאינפאלי"	""	""
"רבי אליעזר"	""	""
"דודך"	""	""
"השלני"	""	""
"מאור הגולה"	""	""
"מררכי בנעט"	""	""
"האימרדכי בנעט"	""	""
"ר״ן"	""	""
"ייהודא"	""	""
"הבעש״ע"	""	""
"אחיהו השלני"	""	""
"אחיה השלני"	""	""
"אבוי'"	""	""
"רש""יירושלים"	""	""
"אברהם ניסן הלוי"	""	""
"ישראל דוד זיס"	""	""
"אלימלך זצ""ל"	""	""
"יצחק אייזיק מקאמארנא"	""	""
"מאיר מפרומישלאן"	""	""
"ר' העשיל"	""	""
"דוד מזאבלאטוב"	""	""
"ישראל מריזין"	""	""
"בער זלה""ה"	""	""
"מענדילי מרימיניב"	""	""
"משה מסיוואראן"	""	""
"צבי מראזדיל"	""	""
"אורי מיסטרעליסק"	""	""
"זלה""ה"	""	""
"דוד מפומארין"	""	""
"יצחק אייזיק זצ""ל"	""	""
"אברהם דפוסא"	""	""
"איציקיל דראביטשער"	""	""
"שלמה
					קלוגער"	""	""
"סימון"	""	""
"מענדלי זצללה""ה"	""	""
"אייזיק זצללה""ה"	""	""
"פנחס ז""ל מקאריץ"	""	""
"ענדיל"	""	""
"ג'"	""	""
"איתן אדונינו"	""	""
"פרעהלאמור"	""	""
"מרים הנביאה"	""	""
"מרדכי
					זאב"	""	""
"דק"	""	""
"ניקיל שפורג"	""	""
"ישראל
					מקאליש"	""	""
"איציקיל ז""ל מקאליש"	""	""
"א׳ ריינש"	""	""
"סענדיר
					פשעטיל"	""	""
"פרימשלאן"	""	""
"אברהם
					בן הרח"	""	""
"ישראל
					מרוזין"	""	""
"וויען"	""	""
"איסקאנט פאן"	""	""
"דארנים יא"	""	""
"ר׳ חיים זללה""ה"	""	""
"דיינש"	""	""
"זאב וואלף מטשערנאסטרי"	""	""
"חיים
					הלברשטאם"	""	""
"קים"	""	""
"הבעש״ט י"	""	""
"ישראל בע""ש זצ""ל"	""	""
"בעה״ב"	""	""
"יה"	""	""
"מוקד"	""	""
"דבלעם"	""	""
"יצחק מהראהביטש"	""	""
"איציקיל דראהאביטשער"	""	""
"יצחק
					מדרא אביטש הי׳"	""	""
"אבאר"	""	""
"מו""ה יצחק מהאמבורג"	""	""
"הר״י הראוויטץ"	""	""
"מוהרר יוסף
					מטראני"	""	""
"רשבבה״ג"	""	""
"דאברהם אבינו"	""	""
"אליעזר ג'"	""	""
"חרב"	""	""
"שלמה קליגער המגיד מבראד"	""	""
"שלמה
					קליגער המגיד מבראדי"	""	""
"א""פ היינא ווארציל"	""	""
"א""פ"	""	""
"סאסי"	""	""
"פראסע
					א""פ"	""	""
"קאסע פיסטיל א""פ ראברום"	""	""
"רוטי היינא"	""	""
"פישון"	""	""
"פישו"	""	""
"פיש"	""	""
"אנקילע"	""	""
"פוטיפר"	""	""
"המגיד מבראד"	""	""
"אברהםאלהי יעקב"	""	""
"מענדיליקאסוב"	""	""
"לוי יצחקבארדיטשיב"	""	""
"איציקיל ז""ל"	""	""
"עוזרסטרעליסק"	""	""
"מאירילמבוטשאטש"	""	""
"איסקאנט פאן דארנים יא"	""	""
"זאב וואלף מטשערנאסטרי'"	""	""
"ישראל בע""ש"	""	""
"הבע״"	""	""
"אלכסנדרום מוקד"	""	""
"ארתיך"	""	""
"יצחק האראוויטץ דהאמבורג"	""	""
"יצחק דהאמבורג"	""	""
"אונקלם"	""	""
"שלמה קליגער"	""	""
"משה חיים
					אפרים מסדילקוב"	""	""
"משה חיים
					אפרים"	""	""
"אייזיק זצוק""ל מקאמרנא"	""	""
"אייזיק זצוק""ל"	""	""
"משה חיים אפרים
					מסדילקוב"	""	""
"אהרן מקארלין"	""	""
"משה מקאראסטשוב"	""	""
"יצחק סופר ממעזיריטש"	""	""
"יצחק סופר"	""	""
"שניאור ולמן"	""	""
"מענדעלי מוויטעבסק"	""	""
"שמחה גדולה"	""	""
"הבעש״ק"	""	""
"ירד"	""	""
"הבעש""שהבעש""ט"	""	""
"ווייסיל"	""	""
"קן האלקי"	""	""
"זכרייהו"	""	""
"חיים אפרים"	""	""
"תולדות"	""	""
"הבעשברוך"	""	""
"חקותי"	""	""
"אליקום בריעה"	""	""
"אליעזר שענקעל"	""	""
"העשיל מקראקא"	""	""
"בער ציס״ע"	""	""
"מרדכי בנעט מניקלשבורג"	""	""
"מופה""ד בעל
					מגלה"	""	""
"זי״ע"	""	""
"אברהם יהושיע העשיל
					מאפטא"	""	""
"שמן רוקח"	""	""
"רב
					העשיל"	""	""
"מ׳ דינה"	""	""
"דוב בער זי"	""	""
"נעט זי״ע"	""	""
"אבד״ק ניקולשבורג והמדינה"	""	""
"״ה ליב"	""	""
"פולחנן"	""	""
"״ה"	""	""
"מארי דרזין"	""	""
"הבעה״ב"	""	""
"ליבנס"	""	""
"יהושיע העשיל
					מאפטא"	""	""
"אבד״ק קאלביסלו"	""	""
"אפטא זי״ע"	""	""
"הקאמיסאר"	""	""
"סי בר אוריא"	""	""
"שלום זי״ע"	""	""
"בן
					דוד"	""	""
"משיח בן אבי"	""	""
"עור"	""	""
"עבד אלמלך בן מרוזין"	""	""
"יואל בעל שם"	""	""
"״ק זאמושט"	""	""
"עפטיל"	""	""
"פפד"	""	""
"יצחק אבוהבמנורת המאור"	""	""
"חז""ל"	""	""
"רבב״ח"	""	""
"חכז״ל"	""	""
"רבנן"	""	""
"העשילקראקא"	""	""
"עוז"	""	""
"אלקימארי דרזין"	""	""
"תרח"	""	""
"הב״ח"	""	""
"מעור"	""	""
"קדר"	""	""
"רד״ך"	""	""
"עבד אלמלך"	""	""
"מיכילע המגיד מזלאטשוב"	""	""
"יעקב
               שמשון משפיטעווקע"	""	""
"הרב הצדיק
               משפיטיעווקע"	""	""
"יהושעלע"	""	""
"מרדכי מ״מ מטשארנאביל"	""	""
"האב״ד מסאווראן"	""	""
"הרב
               מסאווראן"	""	""
"הרב מסאווראן"	""	""
"אב״ד מבארדיטשוב"	""	""
"הרבנית"	""	""
"מנחם מענדיל מליבאוויטש"	""	""
"אברהם מחמעלניק"	""	""
"הרב משפיטיעווקע"	""	""
"באבע"	""	""
"המגיד
               מלובלין"	""	""
"הרב
               מאפטע"	""	""
"אברהם מוזג"	""	""
"יהונתן מפראג"	""	""
"המגיד
               מקאזיניץ"	""	""
"דיוד מטאלנע"	""	""
"דוד מיקילייאווער"	""	""
"הרבנית הבעש״ט"	""	""
"מנחם נחום ממוקארוב"	""	""
"אהרן מזיטאמיר"	""	""
"צבי יהודא מָאליק"	""	""
"הירש
               ליב אָליקער"	""	""
"בעלזאורי"	""	""
"יָאסִילֶע"	""	""
"יוס״ף"	""	""
"חמעלניקברוך"	""	""
"מעזיבוזאברהם"	""	""
"שפיטיעווקער״ב"	""	""
"דיוד"	""	""
"הירש ליב"	""	""
"ברוך מ
               מעזיבוזמה טובו אוהלך יעקב"	""	""
"אורי מ
               סטרעלסקברוך שאמר והיה העולם ברוך הוא"	""	""
"הגאון פינטו"	""	""
"בעלגור ארי' על התורה"	""	""
"בעל גור ארי'"	""	""
"בעל גור ארי׳"	""	""
"יצחק אשר בעיר
               לובלין"	""	""
"שמשון ווינער בעהמ״ח תוספות חדשים על ששה
               סדרי משנה"	""	""
"מוהר״ש וויענער"	""	""
"מוהר״ש מוויען"	""	""
"מוהר""ש וויענער"	""	""
"רבקה
               בתבית משה ישראל"	""	""
"רבינו גרשון"	""	""
"יהודהיהיד׳"	""	""
"משה
               ליב מסאסיב"	""	""
"שלם רוקח
               הגאון האב""דק בעלץ"	""	""
"אלימלך זי""ע בעהמ״ח ספר
               נועם אלימלך על התורה"	""	""
"אברהם יהושע
               העשיל מאפטא"	""	""
"ישעי׳ סלוצקר"	""	""
"ישעי׳
               סלוצקר"	""	""
"ישעיה סלוצקר"	""	""
"משה
               ליב חסיד"	""	""
"משה ליב החסיד"	""	""
"עיר וקדוש מפראמישלאן"	""	""
"עכן בן כרמי בן זבדי"	""	""
"יהודה
                  גרשון דרוקר"	""	""
"שלם"	""	""
"ירמי'"	""	""
"פינטו"	""	""
"גור ארי׳"	""	""
"שמשון ווינער"	""	""
"פראנץ הראשון"	""	""
"וויענער"	""	""
"שלם רוקח"	""	""
"פאן"	""	""
"חיים אהרן זאפניק"	""	""
"מנחם
					מענדלי"	""	""
"מענדילי פריסטיקער"	""	""
"אר״י לוריא זצ""ל"	""	""
"זיסיא שקפו"	""	""
"הר׳ ברוך ממעזבוז"	""	""
"הר׳ ברוך"	""	""
"רושזען"	""	""
"היקר ה״ר"	""	""
"מזאסלאוו"	""	""
"מיכלי זלל"	""	""
"פפא"	""	""
"הודא"	""	""
"הר״י בעש״ט"	""	""
"עש״ט"	""	""
"מייארשיו"	""	""
"מיארשיוו"	""	""
"לוריא"	""	""
"מיכלמיכלי"	""	""
"רב פפא"	""	""
"קנאאיז"	""	""
"יואל בעל שם טוב"	""	""
"יואל בעש״ט"	""	""
"הרר״ש
					מנ״ש"	""	""
"ישי"	""	""
"צבי הירש
					מטשארטקוב"	""	""
"פאר הגולה"	""	""
"משה יהודא ליב מסאסוב"	""	""
"שמעלקיא"	""	""
"אהרן לבוב"	""	""
"מהרש""ש"	""	""
"חי' הרי""ם
					מגור"	""	""
"ענזיל מסטריא"	""	""
"שלום מרדכי"	""	""
"איצקיל"	""	""
"ר""א חריף"	""	""
"הג׳ ר״ש"	""	""
"הגר״ש"	""	""
"רמ""ל
					מסאסוב"	""	""
"בערגר"	""	""
"מהר""ש מנ""ש"	""	""
"שמעלקא מנ""ש"	""	""
"הרמ״ע מפאנו"	""	""
"תם"	""	""
"ר״פ מקאריץ"	""	""
"ר״ש מנ""ש"	""	""
"ר״י מראדוויל"	""	""
"ר""י
					מראדוויל"	""	""
"יעקב מטשעכיוו"	""	""
"ארי׳ ליבש פרץ מלוברטוב"	""	""
"קאפיל מיוזעפאן"	""	""
"יוסילי יארטשובר מטאמשוב"	""	""
"משה ליב מבראדי"	""	""
"בנימין
					מלובלין"	""	""
"ר״מ מראזווידוב"	""	""
"הררמ״ל"	""	""
"אייזקל"	""	""
"ברוך דייטש"	""	""
"דניאל"	""	""
"ברוך ממעזיבוש"	""	""
"ברוכיל"	""	""
"דובערש"	""	""
"מוזל""ה"	""	""
"משה טייטעלבוים"	""	""
"מוזל״ה"	""	""
"מעני"	""	""
"משולם פרשבורגער"	""	""
"יוזפ קאזמירר"	""	""
"סטאניסלב אווגאסט"	""	""
"יוזפ"	""	""
"הרי״ם"	""	""
"משה ליב מסאסיב"	""	""
"יעקב אליעזר ווייס"	""	""
"הירשלי מטאמשוב"	""	""
"אוהב ישראל"	""	""
"אברהם קאליסקר"	""	""
"ניסן הלוי שור"	""	""
"מרדכי הכהן"	""	""
"שמואל שמעלקא הלוי איש הורוויץ
					מרוטשיוואל"	""	""
"שמואל שמעלקא איש הורוויץ"	""	""
"שלמה זלמן"	""	""
"יעקב כ״ץ"	""	""
"המע""ה"	""	""
"יוסף לעווינשטיין"	""	""
"זרח אידלין"	""	""
"רמ״ב"	""	""
"נחום מטשארנאבל"	""	""
"זאב וואלף
					מזיטאמיר"	""	""
"שלמה
					מקארלין"	""	""
"זוסא"	""	""
"המגיד ממעזיריטש"	""	""
"יחיאל איכל איילבערג"	""	""
"לוי.extra period יצחק"	""	""
"חיים יעקב מקאזמיר"	""	""
"צבי משה"	""	""
"הרר״ש מנ""ש"	""	""
"חזקי׳"	""	""
"נ""ש"	""	""
"נ״ש"	""	""
"מיכל זאהן"	""	""
"שמואל שמעלקי הלוי הורוויץ"	""	""
"אליעזר מאוליינאב"	""	""
"שמעלקי מנ""ש"	""	""
"יצחק חריף"	""	""
"יוסף משה"	""	""
"הגר""א מווילנא"	""	""
"אליה״ו"	""	""
"מהררש״ש מנ״ש"	""	""
"מאיר אליהו"	""	""
"מנחם מענדיל ביבער
					מאוסטרהא"	""	""
"צבי יהושע הלוי הורוויץ"	""	""
"הררמ״ל מסאסוב"	""	""
"יעקב יצחק הורוויץ"	""	""
"פנחס
					מפולין"	""	""
"זכריה מענדיל מיערסלוב"	""	""
"רז״מ"	""	""
"יוזפ מקאזמיר"	""	""
"יצחק מקראקא"	""	""
"יהושעלי חריף"	""	""
"בעריש מייזלש
					מרישא"	""	""
"טעבליס ברלינר"	""	""
"מיכל קאלשינר מפיעטרקוב"	""	""
"זלמן מרגליות"	""	""
"אברהם יואל הלוי"	""	""
"חיים האלברשטאם מצאנז"	""	""
"שמואל שמעלקא
					מרישא"	""	""
"אברהם זאב וואלף"	""	""
"מרדכי מבראד"	""	""
"סענדר חיים"	""	""
"זלמן פערילס
					מבראד"	""	""
"מלכה דבורה"	""	""
"פנחס הורוויץ מפיעטרקוב"	""	""
"פנחס הלוי הורוויץ"	""	""
"מעלקיש"	""	""
"ד טעבלי מליסא"	""	""
"רמ""ד"	""	""
"משה מישל שמואל שפירא"	""	""
"מתיא בן חרש"	""	""
"ארשב״י"	""	""
"זיסא ליפטר"	""	""
"אברהם חיים מזלאטשוב"	""	""
"ררז״פ"	""	""
"חיים הירש"	""	""
"זיסקינד גונדרש"	""	""
"רשב״א"	""	""
"פנחס בן אלעזר"	""	""
"נעמי"	""	""
"צבי הירש הלוי הורוויטץ"	""	""
"שמואל חיים ישעי'"	""	""
"המהרשש״ך"	""	""
"ישעי׳ הורוויץ"	""	""
"מענדיל באס"	""	""
"פנחס הורוויטץ"	""	""
"מהר""נ"	""	""
"ח""ס"	""	""
"דוד דייטש"	""	""
"ישועת יעקב"	""	""
"הת״ס"	""	""
"טעביל"	""	""
"פנחס הלוי איש הודוויץ"	""	""
"הנוב״י"	""	""
"צבי הירש הלוי מבראד"	""	""
"מוהרא״ז מרגליות"	""	""
"נוב""י"	""	""
"מוהר״פ הלוי הורוויץ"	""	""
"המגיד
					מקאזניץ"	""	""
"א""ז מרגליות"	""	""
"אפרתי"	""	""
"דוד העשיל הלוי"	""	""
"אלעזר הלוי הורוויץ"	""	""
"רי״צ מבראד"	""	""
"שמואל שמעלקא הלוי מלבוב"	""	""
"ישעי׳ ליב"	""	""
"ירחמיאל הורוויץ
					מלבוב"	""	""
"שמחה הלוי הורוויץ מפלונסק"	""	""
"יוסף פרענקיל
					מפלונסק"	""	""
"רחל דבורה"	""	""
"יואל היילפרין מק' לעשנוב"	""	""
"יצחק אייזק היילפרין"	""	""
"אליעזר ליפמאן"	""	""
"משה אשכנזי היילפרין מבריסק"	""	""
"ישראל היילפרין"	""	""
"משה פערילמוטטר"	""	""
"מהר״ץ מטשארטקוב"	""	""
"יעקב היילפרין"	""	""
"קאלינגער"	""	""
"מהרצ״ה"	""	""
"מהרצ""ה"	""	""
"הרצ״ה מטשארטקוב"	""	""
"הררצ""ה"	""	""
"הררצ״ה"	""	""
"ק״ל"	""	""
"פנחס ממגרוב"	""	""
"צבי הירש מטשארקוב"	""	""
"הררצ""ה מטשארטקוב"	""	""
"מאטילי
					מטשארנאביל"	""	""
"רצ״ה מטשארטקוב"	""	""
"יצחק דער דאריר"	""	""
"הרצ״ה"	""	""
"צבי הירשלי"	""	""
"איציקל"	""	""
"הרר״ה"	""	""
"ק""ל"	""	""
"נפתלי צבי הורוויץ"	""	""
"יצחק הלוי הורוויץ"	""	""
"פנחס שפירא
					מאוסטרהא"	""	""
"אברהם ישעי׳ שעפטיל"	""	""
"מנחם מק'
					צאנז"	""	""
"משה אוסטריר"	""	""
"הירשלי מטשארטקוב"	""	""
"צאנזיר"	""	""
"שלום גאטמאן"	""	""
"היהשלי מטשארטקוב"	""	""
"ר״ח ר״פ"	""	""
"הגר""ח"	""	""
"הרר""ה"	""	""
"רח״כ"	""	""
"יעקב לאנדא"	""	""
"איציק דער דארער"	""	""
"איציק היבש"	""	""
"מרדכיס"	""	""
"חיים מקאסוב"	""	""
"ברוך פריש"	""	""
"מאיר רוקח"	""	""
"יהודא ליב תאומים מק׳ יארטשוב"	""	""
"אליעזר ליפמאן מזאלקווא"	""	""
"שואל"	""	""
"צבי הלוי"	""	""
"שמואל שמעלקא הלוי"	""	""
"אבושיל"	""	""
"יהושע העשיל הלוי"	""	""
"אברהם הלוי"	""	""
"אידל"	""	""
"לאה"	""	""
"מרדיש"	""	""
"יחיאל מיכל היילפרין"	""	""
"נחום מק' טשאהן"	""	""
"יצחק מאוסטרלענקי"	""	""
"יעקל מחארזיל"	""	""
"משה אברהם"	""	""
"ישראל איסר"	""	""
"יצחק ליב
					מטרעסטינא"	""	""
"אשר קמץ"	""	""
"שמואל חיים
					מטיקטין"	""	""
"חיים צבי"	""	""
"חיים צאנזר"	""	""
"זונדיל"	""	""
"מהר״ם"	""	""
"חיים כהן ראפפורט"	""	""
"מהר""ם מטיקטין"	""	""
"יהודה מטיקטין"	""	""
"בנימין אהרן חריף"	""	""
"יהושע אייזיק"	""	""
"אליעזר ליפמאי היילפרין"	""	""
"אריה יהודא ליב"	""	""
"ישראל אשכנזי"	""	""
"שמואל בכרך"	""	""
"רד״ק"	""	""
"רשב""ג"	""	""
"יצחק יעקב"	""	""
"מנחם מאניס הכהן"	""	""
"ישעיה כ״ץ"	""	""
"נפתלי כ""ץ"	""	""
"יהודא ליווא"	""	""
"רודולפוס"	""	""
"בערטיער"	""	""
"מרדכי מייזל"	""	""
"יצחק בן חנוך ווייזל"	""	""
"יודא ליב"	""	""
"סיני"	""	""
"מהר״ס"	""	""
"יצחק בר׳ שמשון כ״ץ"	""	""
"יעקב שור"	""	""
"מהר״ל"	""	""
"מייטל"	""	""
"מאיר וואהל"	""	""
"וואהל"	""	""
"ישעי׳ הלוי הורוויץ"	""	""
"פייבוש אליקים מסלאנימא"	""	""
"א׳ זלמן"	""	""
"יהודה ליב הלוי מטיקטין"	""	""
"שאול מטיקטין"	""	""
"ישעי׳ מטיקטין"	""	""
"שאול הורוויץ"	""	""
"מנחם מאניס הלוי"	""	""
"חיים הלוי מק""ק שאריגראד"	""	""
"יעקב יוקל הלוי"	""	""
"זאב וואלף לנדא"	""	""
"נפתלי הלוי"	""	""
"יהושע הלוי"	""	""
"אברהם מקראקא"	""	""
"פנחס הלוי מקראקא"	""	""
"מדרכי הלוי הורוויץ"	""	""
"אליקים געציל הלוי הורוויץ מפיעטרקוב"	""	""
"טעבלי ברלינר מפיעטרקוב"	""	""
"אהרן הורוויץ
					מקראקא"	""	""
"יעקב חיים הלוי"	""	""
"ראובן הלוי"	""	""
"אריה ליבוש"	""	""
"מאיר דבש הלוי"	""	""
"ישעי׳ הלוי"	""	""
"מאירל הלוי"	""	""
"משה ב״ר שמעיה"	""	""
"שמעלקי מטארני"	""	""
"יהושע הלוי איש הורוויץ"	""	""
"יהושע הארוך"	""	""
"מנחם מק׳ צאנז"	""	""
"חיים הלוי"	""	""
"יהודה ליב הלוי"	""	""
"משה יהושע הלוי"	""	""
"יהונתן איבשיץ"	""	""
"יהונתו"	""	""
"פרידריך החמישי"	""	""
"יצחק איצק הלוי"	""	""
"יחזקאל דוקעס"	""	""
"אסאד"	""	""
"שאול מאמשטרדם"	""	""
"יעקבקא"	""	""
"יעקב יוקל הלוי איש הורוויץ"	""	""
"ר״א אבוש"	""	""
"יצחק הלוי
					מהורחוב"	""	""
"נפתלי צבי"	""	""
"יעקב מליסקא"	""	""
"מ״מ"	""	""
"משולם איגרא"	""	""
"איציקל האמבורגר"	""	""
"יצחקיל"	""	""
"יצחקיל מדראהביטש"	""	""
"מהר""י הלוי"	""	""
"חכם צבי"	""	""
"ירמי׳"	""	""
"יצחק הורוויץ"	""	""
"מיכל
					מזלאטשוב"	""	""
"הפמ״ג"	""	""
"מענדיל מליסקא"	""	""
"מרדכי מנעסכאיז"	""	""
"יצחק מנעסכאיז"	""	""
"משה אהרן"	""	""
"חיים אורבאך"	""	""
"יוסף דובער"	""	""
"צבי הירש מוויטקוב"	""	""
"פנחס הלוי"	""	""
"יחזקאל שרגא הלברשטאם"	""	""
"משה ט״ב"	""	""
"חיים ה״ש"	""	""
"רי״ל לעוונשטיין ממאסבאך"	""	""
"הר״ם מקאסניטין"	""	""
"עוזר מקאמניץ"	""	""
"מאיר מקאסניטין"	""	""
"יוזפא מאוסטרהא"	""	""
"אביש מפפד״מ"	""	""
"יוסקי מאוליינוב"	""	""
"אהרן
					מאפטא"	""	""
"מרדכי ווייטץ
					מקאליש"	""	""
"יונה הורוויץ מפלאצק"	""	""
"פייביל"	""	""
"אהרן הורוויץ מקראקא"	""	""
"רר״ש מנ״ש"	""	""
"אברהם בינש מלאדז"	""	""
"הרר״י מווארקי"	""	""
"הר״ם מטיקטין"	""	""
"הרש״ז
					מלאדי"	""	""
"פנחס סג״ל"	""	""
"מהרי״א
					מזידיטשוב"	""	""
"ארשב""ל"	""	""
"ישראל 
                    במהור״ר
                        בן מורנו וכו׳ יצחק
                    יפה"	""	""
"משה במוהרר
                בן מורנו הרב רבי ישראל"	""	""
"מ' מנחם מענדל"	""	""
"מ׳ שמעריל"	""	""
"שבתי׳ צבי"	""	""
"מהור״א"	""	""
"אביו"	""	""
"הילד"	""	""
"ישראל ב""א"	""	""
"גרשון קוטעבר"	""	""
"אל
                        תכ"	""	""
"יהושע בן
                        נון"	""	""
"גרשון מקוטב"	""	""
"גרשין"	""	""
"יצחק אייזיק בן הרב דק""ק
                            ברעהין"	""	""
"את הרב דק""ק קוטיב"	""	""
"גדליהו"	""	""
"ר׳
                        גרשון"	""	""
"חנה חנה"	""	""
"פאלק החסיד המפורסם"	""	""
"המגיד הגדול דק""ק
                            מעזיריטיש"	""	""
"יעקיל ממעזיבוז"	""	""
"שבתי
                        צבי"	""	""
"יעקב מהנעפאלי"	""	""
"גרשון דק׳
                        פאווליץ"	""	""
"אליעזר
                            מטאמאשפאלי"	""	""
"יונה קאמינקער"	""	""
"יא"	""	""
"בן ר׳ יוסף יוזפא"	""	""
"ריבעלע"	""	""
"טעקטינר"	""	""
"פנחס
                            מקאריץ"	""	""
"מענדלי
                        פרעמיסלער"	""	""
"אהרן
                            ממעזיבוז"	""	""
"דוד מלכא"	""	""
"הדרניאל"	""	""
"כם השיב"	""	""
"טובלי'"	""	""
"טובלע"	""	""
"מוהר""ן ישראל"	""	""
"שניאור זלמן
                  מלאדי"	""	""
"יהודה גרשון"	""	""
"זלמן מלאדי"	""	""
"שלום בן
                           המלאך"	""	""
"הק' בעהמ""ח ספר התניא והשו""ע ז""ל"	""	""
"אליהו
                     מוילנא"	""	""
"האבדק""ק בארדיטשוב"	""	""
"בת הבעש״ט מרת אדל"	""	""
"זעליחאב"	""	""
"הגאון האב""ד מבא"	""	""
"ק׳ ר׳ שלמה מקארלין"	""	""
"נע"	""	""
"הקייזער פאויל"	""	""
"ליב מיאנעוויטש"	""	""
"ליב בעהמ""ח ספר שארית
                     יהודא"	""	""
"שאול מסיראטשינע"	""	""
"הקייזער
                  פאויל"	""	""
"הרב המגי"	""	""
"הר״המ"	""	""
"הגאון
                  החסיד"	""	""
"הקיסר
                  פאוויל"	""	""
"הרב
                     מסטאלין"	""	""
"הקייסער פאוויל"	""	""
"הקיסער פאוויל"	""	""
"הקייסר
                  פאוויל"	""	""
"הקייסער אלכסנדר"	""	""
"הקיסר אלכסנדר"	""	""
"הקיסר
                  נקולי"	""	""
"מרדכי
                  מלעחוויץ"	""	""
"אביגדודאביגדור"	""	""
"פנחס רוזעש משקלאב"	""	""
"נחום מטשארנאביל"	""	""
"אהרן משטראשעלע"	""	""
"ישעיה
                  בעהמ""ח ספר השל""ה הקדוש"	""	""
"הררא""ה"	""	""
"המגיד הגדול דמעזריטש"	""	""
"משה מנאיימיל"	""	""
"משה חתן ר׳
                  זאב ציפעס"	""	""
"ישראל
                  יוסף"	""	""
"אברהם שיינעס
                     משקלאב"	""	""
"י ר"	""	""
"ם ר"	""	""
"קדוש מו"	""	""
"ו ר"	""	""
"הסולטאן"	""	""
"ניקולי"	""	""
"זלמינקע"	""	""
"פנחס רוזעש"	""	""
"זאב ציפעס"	""	""
"אברהם שיינעס"	""	""
"דוב
				בעריש"	""	""
"אריה ליביש"	""	""
"מנחם מגלי סופר מק׳ אושפצין"	""	""
"משה פרענקעל"	""	""
"מו""ה שמעלקי"	""	""
"אריה
			ליבוש"	""	""
"מנחם בן
		
		יהודה
		
	
			יהודה"	""	""
"שלמה דוב אריה"	""	""
"יעק עלי
					זאטורר"	""	""
"יענדרחוף"	""	""
"פר פיהרער"	""	""
"דס"	""	""
"יודל"	""	""
"מ'
					אלימלך"	""	""
"מרי"	""	""
"ר""ר"	""	""
"שבורג"	""	""
"יעקב
					יצחק"	""	""
"' מקרשאנוב"	""	""
"הק׳ מקרשאנוב"	""	""
"לולא"	""	""
"אדומ""ר"	""	""
"מע׳"	""	""
"פרחי"	""	""
"לאושפצין"	""	""
"׳ בער ממעזריטש"	""	""
"אלט ברויען"	""	""
"א'"	""	""
"ליצטאציאן"	""	""
"הראק"	""	""
"עריש פרומר"	""	""
"פאפירס"	""	""
"דוד
					ליב"	""	""
"מרים
					ת'"	""	""
"מהר""ש זצ""ל"	""	""
"פטיר׳"	""	""
"יצחק אבינו"	""	""
"שמעון מירעסלוב"	""	""
"ש״י"	""	""
"גוט"	""	""
"מאיר מסטאבניץ"	""	""
"ר'
					בעריש"	""	""
"עליווער"	""	""
"אבד״ק קרשאנוב"	""	""
"׳ אביש"	""	""
"מהר""י יצחק מפשיסחע"	""	""
"א' מבראד"	""	""
"מיכלי זצ""ל"	""	""
"בעריש אושפצינר"	""	""
"ברוך
					פרענקיל"	""	""
"עריש"	""	""
"י'"	""	""
"המד׳"	""	""
"בעריש פרומר"	""	""
"הענא מרים"	""	""
"שמעלקי
					מנ""ש"	""	""
"מלך מליזענסק"	""	""
"לעליווער"	""	""
"מהר""י יצחק"	""	""
"ג׳"	""	""
"משה י'"	""	""
"מהרמ""י"	""	""
"בעריל ליב
						נעכעליס"	""	""
"הר""י הקדוש"	""	""
"אחות הר״י"	""	""
"משה
						פשעוורסקע"	""	""
"משה
					פשעוויסקער"	""	""
"בעהמ״ח עוללות אפרים"	""	""
"מהרב
						מפראג"	""	""
"שלמה
						אפרים"	""	""
"הר׳ שלמה אפרים"	""	""
"דוד מלך
					ישראל"	""	""
"אפרים
					ייטשיניק"	""	""
"אפרים ייטשיניק
					הנקרא אפרים עוללות"	""	""
"לויצקער רב"	""	""
"הרב מלויצק"	""	""
"חיים
						סאנזער"	""	""
"הרב מלאצקי"	""	""
"חיים
						סאנדזיר"	""	""
"דוד
						פורקיס"	""	""
"דוד
						פורקוס"	""	""
"הרב מצדילקיוו"	""	""
"ברוך
						ממעזבוז"	""	""
"אדם בעש״ט נבג""מ"	""	""
"בעל המחבר ספר מגלה עמוקות"	""	""
"הבעל מגלה המקותעמוקות"	""	""
"הרב בעל מגלה עמוקות"	""	""
"ר׳ שלמה אפרים"	""	""
"אפרים ייטשיניק"	""	""
"מצדילקיווברוך
						ממעזבוז"	""	""
"עזריאל בע""ג"	""	""
"ליב
        שרהס"	""	""
"מאיר 
               מבארישוב"	""	""
"הרב הקדוש מסוורן"	""	""
"ליב
               שהרס"	""	""
"ספאלער 
               זיידע"	""	""
"הרב
               מזלאטפאלע"	""	""
"הש""ץ מזאסלאב"	""	""
"הש""ץ דזאסלאב"	""	""
"רב מנישחיז"	""	""
"הסבא
               מספאלע"	""	""
"הסבא
               קדישא"	""	""
"בן ר׳ שמעון"	""	""
"ספלער
               זיידי"	""	""
"סבא
               מספאלע"	""	""
"אברהם
               קאליסקער"	""	""
"חייקיל
               המדורער"	""	""
"הרה״מ
               הק' ממעזריטש"	""	""
"אברהם בן המגיד
               הגדול ממעזריטש"	""	""
"טשארנאבילמנחם"	""	""
"טשארנאבילהרר״מ"	""	""
"מרכי"	""	""
"זיידע"	""	""
"גדליהו בן אחיקם"	""	""
"ישמעאל בן נתניה"	""	""
"שטעון בן יוחאי"	""	""
"יעקב יוטעס"	""	""
"בעריש מייזילס"	""	""
"ישעיהו"	""	""
"בעה״ט"	""	""
"מרדכי מראטנע"	""	""
"מאודלייניש"	""	""
"מאורלייניש"	""	""
"מהרש״ל"	""	""
"רש״ק"	""	""
"פ׳ בן פ׳"	""	""
"ישראל בעל שם"	""	""
"אביר יעקב"	""	""
"אאע״ה"	""	""
"מנחם מענדלי מרימנוב"	""	""
"הירש מרימנוב"	""	""
"גרשון העניך מראדזין"	""	""
"גרשון העניך"	""	""
"נחמן מהאראדענקי"	""	""
"מהר""ל
					מפראָג"	""	""
"ישכר בער
					מזלאטשוב"	""	""
"מלובשים"	""	""
"אדנ״י"	""	""
"יצחק
					מנעסחיזש"	""	""
"דוד
					ממיקאלייעוו"	""	""
"אלהים חיים"	""	""
"פרסאות"	""	""
"ש""ק"	""	""
"העושר"	""	""
"חיים מטשערנוויץ"	""	""
"קב״ה"	""	""
"מסמילא"	""	""
"אברהם יהושע
					העשיל מאפטא"	""	""
"סער"	""	""
"משה
					ליב יודקעס"	""	""
"אברהם יהושע
					העשיל מאפטא זצוק""ל"	""	""
"ימחול"	""	""
"משה מכרשעים
					זצוק""ל"	""	""
"ליב דימימעלעס"	""	""
"וועלוויל"	""	""
"יסע"	""	""
"חד"	""	""
"הריב״ש"	""	""
"ישעיהסמילא"	""	""
"יצחקסקווירא"	""	""
"רי״ב לעווינזאהן"	""	""
"לעווינואהן"	""	""
"לעוינזאן"	""	""
"משה מכרשעים"	""	""
"ליב דימימעלעסלעמבורג"	""	""
"מענדלי מרימאנאב"	""	""
"וועלווילמזיטאמיר"	""	""
"האזולאי"	""	""
"אהרן הגדול מקארלין"	""	""
"אהרן מטשערנאביל"	""	""
"משה מקארסטשוב"	""	""
"אברהם
					מטוריסק"	""	""
"דוד מטאלנע"	""	""
"יוחנן מרחמיסטריווקע"	""	""
"מאיר מאפטא"	""	""
"אליהו מיורעוויטש"	""	""
"ישראל בער מווילעדניק"	""	""
"ששת"	""	""
"משה
					מסאווריאן"	""	""
"דוב בער
					ממעזירטש"	""	""
"המגיד מבאפאליע"	""	""
"מאטעלי"	""	""
"זוסיא
					מהאניפאליע"	""	""
"מרדכי מטשערנאביל"	""	""
"מיכעלי
					מזלאטשוב"	""	""
"אברהם יהושע העשיל
					מאפטא"	""	""
"יצחק
					מראדוויל"	""	""
"אברהם יהושע העשיל מאפטא"	""	""
"המגיד
					מטשערנאביל"	""	""
"קין"	""	""
"הבל"	""	""
"אברהם דוב מאוורוטש"	""	""
"תוספות"	""	""
"אברהם מטוריסק"	""	""
"יעקב אריה מקאוולע"	""	""
"מרדכי מנעסחיזש"	""	""
"גדלי׳ שמעלקיס"	""	""
"מרדכי
					שמעלקיס"	""	""
"יצחק שמעלקיים"	""	""
"צבי יהושע הורוויץ"	""	""
"יהושעל"	""	""
"איטיבנא"	""	""
"צבי יהושע איש הורוויץ"	""	""
"חיים
					האלברשטאם"	""	""
"ה אלעזר הלוי איש הורוויץ"	""	""
"צבי יהושע
					איש הורוויץ"	""	""
"אלעזר הלוי איש הורוויץ"	""	""
"ארי׳ ליבש נאטינזאהן מברעזאן"	""	""
"י״ש מלבוב"	""	""
"אבד״ק
					טרייביטש"	""	""
"ארי׳ ליבוש נאטינזאהן"	""	""
"יהושע זצללה"	""	""
"דוב בעריש מייזלש מטוסמעניץ"	""	""
"מנחם איש"	""	""
"מנחם א״ש"	""	""
"מאיר א״ש"	""	""
"צבי הירש בר״א"	""	""
"צבי יחיאל מיכלם זאהן"	""	""
"משולם זלמן הלוי איש הורוויץ"	""	""
"צבי הירש הלוי איש הורוויץ"	""	""
"ר' הירש מרימנאב"	""	""
"מאיר הלוי איש הורויץ"	""	""
"טארני"	""	""
"יהושע ארוך איש הורוויץ"	""	""
"ישעי׳
					הלוי איש הורוויץ מפראג"	""	""
"אברהם הלוי איש הורויץ"	""	""
"שבתי שעפטיל"	""	""
"עקיבא כ״ץ"	""	""
"ישעי׳ הלוי איש הורויץ מק' הורוויץ"	""	""
"צבי'"	""	""
"אפרים אשכנזי מלבוב"	""	""
"צבי אשכנזי"	""	""
"יהושיע פרגם מרישא"	""	""
"שכנא"	""	""
"שכלא"	""	""
"מרדכי יאלים מקראקא"	""	""
"יצחק אברהם"	""	""
"משה כ״ץ"	""	""
"שבתי הכהן"	""	""
"מאיר כ״ץ"	""	""
"פייביש מקראקא"	""	""
"רשכבה""ג מ׳ צבי הירש"	""	""
"זכריה הנביא"	""	""
"קאצינעליכבוגין"	""	""
"מאיר קאצינעלינבוגין"	""	""
"פנחס הלוי איש הורויץ"	""	""
"שאול
					וואהל"	""	""
"שמואל יודא"	""	""
"מאיר ק"	""	""
"מהר""ם פאדווה"	""	""
"שו"	""	""
"רוכל"	""	""
"אברהם מינץ אבד״ק פאדווה"	""	""
"מ׳ יהודא מינץ"	""	""
"מהר״י מינץ"	""	""
"בנימן בייגיש מפוזנא"	""	""
"יהודא ליוואי
					הזקן מק׳ פראג"	""	""
"אי גאון"	""	""
"רירא"	""	""
"משה איסרלש"	""	""
"מרדכי אבד״ק לילקא"	""	""
"זקי"	""	""
"שמחה כהן
					ראפפורט אבד״ק הוראדנא"	""	""
"רשכבה""ג מ׳ חיים כהן
					אבד״ק"	""	""
"רשכבה""ג מ׳ נחמן"	""	""
"ליפשיץ"	""	""
"נזר הקודש מ׳ יוסף"	""	""
"״ם מלובלין"	""	""
"יצחק שפירא"	""	""
"ל מפראג"	""	""
"דוד כ״ץ שפירא"	""	""
"יואל כ״ץ שפירא"	""	""
"זכרי׳ הנביא"	""	""
"וישל"	""	""
"שלמה לוריא"	""	""
"ים"	""	""
"יחיאל לוריא"	""	""
"שמשון מארינפורט"	""	""
"מרה מרים"	""	""
"פרץ מקושטנטינא"	""	""
"יוחנן הסגדלר"	""	""
"גמליאל"	""	""
"הילל הזקן"	""	""
"מעלקא
					הלוי איש הורוויץ אבד״ק טארגי"	""	""
"בוצינא קדישא חסידא"	""	""
"יושע"	""	""
"טיקטין"	""	""
"מרים צפורה"	""	""
"יוסף
					ההרציג אבד״ק סאניק"	""	""
"צבי הירש אבד״ק סלאטנוב"	""	""
"יעקב יושע"	""	""
"צבי הירש חת"	""	""
"זאב וואלף וואהל מפרעמישלאן"	""	""
"משה טובים"	""	""
"יאסי"	""	""
"ראם"	""	""
"ליפא
					מייזילם"	""	""
"יצחק אייזיק וואהל"	""	""
"שמואל וואהל"	""	""
"יצחק אייזיק אבד״ק ראוונא"	""	""
"ליבש אבד״ק
					קרעמיניץ"	""	""
"הגאון מ׳ שמואל בהגאון"	""	""
"פישל מלאדמער בהגאון"	""	""
"אתן"	""	""
"פישל"	""	""
"יעקב מפוזנא"	""	""
"זקני"	""	""
"מנחם מענדיל מפאטיק"	""	""
"יוקיל"	""	""
"ליסקא"	""	""
"נפתלי צבי איש הורוויץ"	""	""
"ראפשיטץ"	""	""
"יעקב אבד״ק מעליטץ"	""	""
"אברהם חיים אבד״ק ליסקא"	""	""
"דזיקעב"	""	""
"ראזוועראב"	""	""
"ש""ב מ"	""	""
"דעמביטץ"	""	""
"אלטיר אבד״ק
					דעמביטץ"	""	""
"בעל ספר אור החיים"	""	""
"אפרים מסדילקב ז""ל בעהמ""ח ספר דגל מחנה
               אפרים"	""	""
"הרה״ק
               נכד הבעש״ט"	""	""
"יהודא גרשון
               מראזדיל"	""	""
"שלמה
               המלך"	""	""
"יהודה
               גרשון"	""	""
"הרב
               מלובלין"	""	""
"הקדוש
               לובלין"	""	""
"הרה״ק מזידזטשוב"	""	""
"הקדוש מזידיטשוב"	""	""
"פנחס הורוויץ
               ז״ל בעהמ""ח ס׳ המקנה והפלאה"	""	""
"המגיד
               ממעזריטש"	""	""
"פנחס הורוויץ ז""ל בעהמ""ח ספר המקנה
               והפלאה"	""	""
"המגיד דמעזרישט"	""	""
"מרדכי
               באנעט"	""	""
"נכד הבעש״ט
               ז""ל בעל דגל מחנה אפרים"	""	""
"הרב מסדילקאב"	""	""
"מהר""ם
               פריסטיקר"	""	""
"אלימלך
               מליזענסק"	""	""
"הצדיק מפריסטיק"	""	""
"הרה״ק מסדילקאב"	""	""
"יסא מהאנפאלע אחי הרה״ק
               בעל נועם אלימלך"	""	""
"מהר""י מלובלין"	""	""
"הרה״ק  מלובלין"	""	""
"הקדוש
               מליזענסק"	""	""
"הקדוש
               בליזענסק"	""	""
"הקדוש
               מלובלין"	""	""
"ליב משפאלע
               הנקרא בפי כל שפאלער זיידע"	""	""
"הצדיק מקארעץ"	""	""
"הצדיק מסלאוויטא"	""	""
"האבדהאבד ק""ק אפטא"	""	""
"הרב
               מאפטא"	""	""
"פייוויש מבאלשוועץ"	""	""
"אלימלך ז""ל בעהמ""ח
               ס׳ נועם אלימלך"	""	""
"הצדיק לסאסיב"	""	""
"פייוויש מבאלשווץ"	""	""
"הרה״ק מסאסיב"	""	""
"קול דודי דופק בקרבו"	""	""
"הרה״ק מזידיטשוב"	""	""
"שלמה בעהמ""ח ספר דברת שלמה"	""	""
"המגיד דק""ק מעזירטש"	""	""
"יצחק בהרב המאה״ג החסיד המפורסם המושלם במעלות ומדות אלהים
               ואנשים מוה' פייוויל אבד״ק לעכוויץ"	""	""
"אורי
               זללה""ה מסטרעליסק"	""	""
"הרה״ק  מסטרעליסק"	""	""
"הרב דנישחיז"	""	""
"שלמה לוצקר
               ז""ל בעהמ""ח ס׳ דברת שלמה"	""	""
"הרב
               מסטרעליסק"	""	""
"המגיד
               הגדול ממעזריטש"	""	""
"זאב
               מזבאריז"	""	""
"הקדוש מבארדיטשוב"	""	""
"מענדיל ציטרין"	""	""
"נתן שריפטגיסער"	""	""
"אלי' מווילנא"	""	""
"מעלקא הורוויץ"	""	""
"שמשון הרב משעפיטיווקע"	""	""
"דק'"	""	""
"שמחה בונם מפרשי"	""	""
"וייסקיט"	""	""
"פי"	""	""
"הפחיתות"	""	""
"ברוך זצ""ל"	""	""
"ה׳"	""	""
"רדיטשוב"	""	""
"בהמ״ד"	""	""
"ה״ק מברדיטשוב"	""	""
"״ק
					מברדיטשוב"	""	""
"מלעלאוו"	""	""
"הה""ק"	""	""
"בונם ז״ל"	""	""
"אונן"	""	""
"״פ"	""	""
"בוצינא קדישא מ׳ זעליג משרענצק"	""	""
"ו""ה"	""	""
"זכאי"	""	""
"חת"	""	""
"משרענצק"	""	""
"מוהר״ז ז״ל"	""	""
"מוהר״ז
					ז""ל"	""	""
"מ׳ שמשון"	""	""
"משעפטיווקע"	""	""
"ברוך
					מעיר"	""	""
"עזבוז"	""	""
"מוהר""ש ז""ל"	""	""
"לבוש״"	""	""
"מוהריעי״צ הלוי"	""	""
"גאסטנין"	""	""
"שם"	""	""
"עני"	""	""
"מוהר״י
					מליסא"	""	""
"איציק
					מדאברי"	""	""
"ר""ע
					איגר"	""	""
"מגאשטנין"	""	""
"ליבוש חריף"	""	""
"לזוב"	""	""
"דהרא״מ"	""	""
"בוצינא קדישא עוה׳ ברוך"	""	""
"יוסלי טארצינער"	""	""
"אבד""ק שטפש"	""	""
"שמח"	""	""
"שלה״"	""	""
"ק מראדזימין"	""	""
"עפס"	""	""
"דק'
					לייפנא"	""	""
"לייפנא"	""	""
"עפם"	""	""
"מ' מאיר"	""	""
"אבד״ק ניקלשבורג"	""	""
"נח ליפשיץ"	""	""
"ב""ע דק׳ שעפס"	""	""
"מיר׳"	""	""
"משעפס תנצב""ה"	""	""
"מתיחס"	""	""
"הי′"	""	""
"שמו"	""	""
"זעליג ז״ל מק״ק
					שרענצק"	""	""
"שמחה
					בונם"	""	""
"יצחק מווארקי"	""	""
"מוהרי""צ"	""	""
"זושא מליזענקס"	""	""
"מ׳ זישא מליזענסק"	""	""
"אלכהאנדר"	""	""
"מ׳ אברהם אבושל"	""	""
"רא"	""	""
"זלמן
					חסיד"	""	""
"זלמן קטן"	""	""
"הר""ש בונם"	""	""
"שמואל משינאווע"	""	""
"ויביטש"	""	""
"ר'
					בונם"	""	""
"ברוך ז""ל"	""	""
"א׳ מעיר"	""	""
"משאדעק"	""	""
"פעלשינק"	""	""
"מל"	""	""
"יצחק
					הורוויץ"	""	""
"דצניעותא"	""	""
"ז""ל"	""	""
"בע""ג"	""	""
"ק""ב מווילנא"	""	""
"הגר""א ז""ל"	""	""
"כ״א"	""	""
"אר"	""	""
"פלאצק"	""	""
"רשכבה״נ"	""	""
"אנדסופר"	""	""
"מו״ה אלי'"	""	""
"ל מקארוב"	""	""
"ק ווייסקיט"	""	""
"׳ זאב"	""	""
"ניקלשפורג"	""	""
"וישקיט"	""	""
"רייזע בייטיל"	""	""
"ייבוש וואהרטער"	""	""
"אלימלך זצ""ל מליזענסק"	""	""
"אלימלך זיל"	""	""
"ליזענסקי"	""	""
"ק מסיווראן"	""	""
"שמעלקא הורוויץ"	""	""
"יעי״צ"	""	""
"שמחה בונם מפרשי חא"	""	""
"שמואלקארוב"	""	""
"לבוש״ר"	""	""
"לבו״ש"	""	""
"נודע ביחזקאלע פרעגעריהודה"	""	""
"יעי״צ הלוי"	""	""
"רמז״ל"	""	""
"עקיבא איגרפוזנא"	""	""
"מוהר""ימליהא"	""	""
"קפוזנא"	""	""
"יחיאלמאיר"	""	""
"עוה׳ ברוך"	""	""
"מוהריעי״צ"	""	""
"ר״מ משעפס"	""	""
"מאירלשעפס"	""	""
"שמואל נח ליפשיץ"	""	""
"מאירל הורוויץשנת תקס״ו"	""	""
"מוהר״ז ז""ל"	""	""
"יצחק מווארקיפרשסיחא"	""	""
"מוהרי""צ מווארחי"	""	""
"רמ״ק"	""	""
"משולם זושא מליזענקס"	""	""
"זישא מליזענסק"	""	""
"אברהם אבושל"	""	""
"זלמי'"	""	""
"זלמו"	""	""
"הר״ב"	""	""
"שמואל משינאוועויביטש"	""	""
"הרב"	""	""
"ברוך ז""למסטוצין"	""	""
"רי"	""	""
"גר""א מווילנא"	""	""
"הרי״ף"	""	""
"המגיד מפלאצק"	""	""
"רר״י"	""	""
"לאנדסופר"	""	""
"רי״מ"	""	""
"חיי שרה"	""	""
"לייבוש וואהרטער"	""	""
"בונים"	""	""
"יחיאל מיכל
			מזלאטשוב"	""	""
"מרדכי שרה'ס"	""	""
"יחיאל מיכל מזלאטשוב"	""	""
"הראש
					ה"	""	""
"צב"	""	""
"המלכה"	""	""
"פארן"	""	""
"שמעה"	""	""
"איז'"	""	""
"בן הר״ר מרדכי"	""	""
"בן הר׳ מרדכי"	""	""
"הר״ר מרדכי"	""	""
"ליסע"	""	""
"זאהו"	""	""
"ראש ה"	""	""
