story_id	edition	human	claude	gemini	claude_reasoning	gemini_reasoning	your_decision	notes	story_text
Adat-Zadikim_0014	Adat-Zadikim	minor	major	major	The duchess (דוכסה) is a central actor who drives the entire plot: her curiosity, her burning desire for the handsome merchant, and her active solicitation—offering to return all the money and give the goods as a gift—directly cause the moral transgression that is the story's crux. Without her initiative and role, the narrative has no conflict.	The duchess is central to the story. Her desire for one of the merchants drives the plot, leading to the immoral act and subsequent regret.			"Adat-Zadikim_14 תיוגים מעשה נורא שקרה בימי הגאון מהרש״א ז""ל בעיר אוסטרא היו שני אנשים שותפים סוחרים והי' מסחרם מלייווינט פשוט כדומה. והיו אוהבים זל""ז כל ימיהם פעם אחד ששמעו כי אצל דוכסה אחת נמצאו סחורות בזול כי היא קבלה ירושה אלף חתיכות לאייווינט טוב והיא אינה יודעת המקח שעומד וע""כ יכולים לקנות מאתה בזול ונסעו שני השותפים להדוכסה וכבואם שמה הגידו לסריסיה כי באו שני סוחרים לקנות מאתה הלאייווענט ויגידו לה סריפיה כי שני עברים רוצים לקנות מאתה כל הסחורה במעות מזומן. אבל הדוכסה ההיא לא ראתה מעולם יהודי כי ישבה ב ראסייא במקום אשר לא נמצאים יהודים שם והיא לא עסקה במסחור מעולם. וע""כ היה שם יהודי זר אצלה וע""כ לא רצתה להניח להיהודים לכנוס לביתה. וגם לא רצתה לראותם. אך מאשר היה רצונה למכור את הסחורה פסקה את המקח אתם ע""י פקידה וכאשר הושוו על המקח נתנו היהודים הכסף לפקידה לפקידה וילכו לקחת את הסחורה ויהי כאשר הביא לה פקידה את הכסף חקרה אצלו על היהודים כי אבותיה ספרו לה כי המה שודדים וחומסים וערומים בתחבולתם והרגו את משיחם. וע""כ לא רצתה לראות אותם וע""כ שאלה את הפקיד על היהודים האלו אם גם הם כשאר העברים ויהתל בה הפקיד ויאמר לה שקר נחלו לך אבותיך היהודים המה כשאר אנשים והמה ישרים במסחורם ונמצאים בם צדיקים וחסידים וגם נמצאים בם עושי עול ויאמר לה הפקיד כי ככל ההמון בית ישראל לא נגרע חלקם זולת מאשר הם עתה בגולה. וכאשר שמעה זאת מהפקיד התאוה לראות את היהודים ותצא לפני הפתח ותסתכל בהם והי' אחד מהשותפים יפה תואר מאוד אשר זרח כשחר וכאשר ראתה אותו הדוכסה ותתפלא מאוד על הוד יפעתו ותשלח ותקרא אותו ותדבר אליו והוא היה יכול לדבר לשון פלניא בלשון צח מאוד ותתענג הדוכסה מאוד ממנו ואחרי כן בערה בה אש תאוותה מאוד עד כי נפלה בחולי מאהבתו אותו. והשותפים התמהמהו בחצר ההוא איזה ימים עד שמדדו את הסחורה ועד ששכרו עגלות להוביל הסחורה : ויהי היום טרם נסעם מכפר ההוא ראו כי לא יספיקו העגלות אשר שכרו על כל הסחורה. ויסע שותף אחד להעיר הסמוכה לכפר לשכור עגלות והשני היפה תואר נשאר פה בכפר להעמיס המשא על העגלות ששכרו בהכפר וכאשר שמעה הדוכסה כי נסע אחד מהשותפים לעיר אחרי עגלות וכי היפה תואר נשאר פה ותשלח אחריו לילה ותגלה לו תאות נפשה. והאיש לא רצה אבל היא חזרה לו את כל המעות שלקחה אצלם עבור הסחורה ותאמר לו כי היא נותנת לו הסחורה במתנה אך שיעשה רצונה ויתגבר יצרו על האיש ההוא ותאות הממון עם תאות יצרו נפגשו יחד ולא יכול להתגבר על יצרו ועשה להדוכסה את כל חפצה ויקח ממנה את כל הכסף וכאור הבוקר הלך לסחורתו ובין כך בא שותפו מהעיר עם עגלות ויטענו הסחורה על העגלות ונסעו לדרכם שמח וטוב לב. ויהי בהיותם בדרך נזכר האיש כל מה שעבר עליו ונתחרט מאוד ויתעצב אל לבו ויאנח האיש באנחות גדולות מאד ויאמר לו שותפו שותפו מה זאת נפלו פניך הלא ב""ה הסחורה קנית בזול גדול יותר מכאשר דמינו בביתינו ובעז""ה נרויח בהסחורה הרבה ומה המה אנחותיך הלא תספר לי וידחה אותו האיש בתירוצים שונים אבל כאשר לא פסק האיש מלדאוג ולאנח על המעשה הרעה אשר עשה. ויפצר בו שותפו כי יגיד לו פשר דבר כי הבין כי לא דבר ריק ולא בחנם עושה הוא את אלה. ויהי כאשר הציקו גלה לו האיש את כל הנעשה עמדו וכי לקח את הסחורה חנם בלא פרוטה ויראה לו את כל הכסף אשל על כן נתפתה ועתה הוא מתחרט ודואג מאוד וילעג שותפו ממנו ויאמר לו בעד סך רב מעות כאלו יכולים לעשות צדקה ושאר מצות תשובה מועילה לכל עבירות ועוד דברים רבים כאלו אמר לו שותפו לנחם אותו. אבל הוא לא קיבל תנחומין ובכה מאוד על המעשה הרע אשר עשה. וכאשר ראה שותפו כי הוא אינו מקבל תנחומין ויאמר לו אנכי אקנה ממך העבירה מה תתן לי עבורה וכשמוע האיש לא הניחו לדבר הרבה ויאמר לו הא לך כל המעות אשר קבלתי ממנה ועוד אוסיף לך רבע הסחורה אך קנה את העבירה ממני. ויאמר לו השותף הנה אנחנו שותפים בהסחורה נהיה שותפים גם בהעבירה ואת המעות נחלק שוה בשוה. וימאן האיש ויאמר לו אם רצונך אחלק גם את השותפות אף כי אני רואה ריוח הרבה בהסחורה עכ״ז לא אקח מאומה מהסחורה ורק תתן לי חצי המעות אשר קבלת מידי ומחצית הכסף הי' לך נוסף על המעות אשר קבלתי מהדוכסה. ויגבר אצל השותף תאוות הממון ויאמר אם כדבריך אקנה אותה ממך ותיכף נתן לו האיש הכסף אשר קיבל והוא שילם לו את חצי המעות אשר השליש האיש בהסחורה ויעשו ת״כ ביניהם על המכירה ויקנה ממנו בקבלת קנין גמור ויתנחם האיש ופניו לא הי' עוד ובבואם לביתם ל אוסטרא הכחידו את הדבר הזה וחלקו את השותפות והאיש אשר קנה את העבירה מכר את הסחורה והרויח בה הרבה ויהי עשיר גדול מאוד : ויהי לימים מת האיש אשר קנה את העבירה. וכאשר עמד להם דין וחשבון מכל מעשיו חשבו לו בתוך עונותיו שבעל נכרית ואמר האיש לא היה דברים מעולם. ויאמרו לו הלא אתה קנית את העבירה ממנו ויטעון האיש למה יענישו אותי על העבירה אשר לא עשיתי ואנכי רק ממון קבלתי ולא עשיתי עבירה. ויהי אחרי רוב טענותיו נתנו לו רשות שיעמוד לד״ת עם האיש הנ""ל. ויבא המת בחלום להאיש ויזמין ויזמין אותו לד״ת ויחרד האיש מאוד ולא ידע מה להשיבו. אבל המת לא שקט ולא נח ויבא אליו בכל לילה והזמין אותו לדין עד אשר נחלה ובעת ההיא היה אב""ד ב אוסטרא הגאון הצדיק המהרש״א ז""ל ויפצר החולה בבני ביתו שישאוהו במטתו להרב ויבך החולה לפני המרש""א ז""ל ויספר לו את כל המעשה מתחילה ועד סוף. ועתה הולך אליו המת בכל לילה ומבקש אותו שיעמוד עמו לדין וע״כ מבקש עצה מ המרש״א מה יענה לו שם בפני הב""ד של מעלה כי אמר יודע אנוכי כי בא קצי ואנכי אמות באלו הימים כי הולך אלי בכל לילה ורוצה ליטול את נשמתי וע""כ יתן לי רו""מ עצה איך לזכות בדין. ויען לו המהרש״א אל תפחד לא תמות. לך לביתך וכאשר יבא אליך המת עוד הפעם אמור לו משמי כי התורה לא בשמים היא. ואם ירצה לעמוד עמך בדין יעמוד לפני כי גם פה היא ב""ד חשוב ואם לא ירצה אמור לו כי אחרים אותו וירפה ממך. ויעש כן החולה כאשר בא אליו המת הגיד לו דברי המהרש""א וירפה ממנו ואח""כ חזר אליו ויאמר בא עמי לדין לפני המרש״א . ויאמר לו החולה המתן לי עד שאחזור לאיתני ואז אעמוד עמך בדין בפני המרש״א ויגביל החולה זמן להמת בעוד חדש ימים אעמוד עמך לדון בפני המרש״א וירפה ממנו : ויהי כאשר עבר הזמן והאיש נתרפא וחזר לאיתנו. וילך ל מהרש״א ויספר לו כי ביום פלוני יעמוד עמו לדון לפניו עם המת. ויצו המרש״א להשמשים כי יאספו פה כל הקהל למען יקחו מוסר ויעד המהרש""א מקום בביהמ""ד כי יעמדו שם לדין וגם להמת יחד לו מקום אשר יעמוד שם ולא יתערב בין החיים למען לא יזיקם. וביום ההוא שלח המהרש״א את השמש לחצר מות על קבר המת להגיד כי הגיע יום המוגבל שצריך לעמוד לדין ויבא המת וגם החי וכל הקהל נאספו פה. ויטעון החי לפני המרש""א לאמור הנה אנכי נתחרטתי אז מאוד על המעשה אשר עשיתי עד כי בכיתי מאין הפוגות וע""כ אם לא היית קונה ממני הייתי עושה תשובה וגם הייתי הולך אצל הרב הרב לקבל תשובה ועתה כאשר קנית ממני וקבלת ממני את כל הכסף אשר לקחתי עבור העבירה וגם עוד הוספתי לך וע""כ תקעתי בלבי כי אין עוד העון חל עלי כלל וע""כ לא חשבתי אח""ז כלל מאותו העון ואתה למה באת אלי עתה בתואנה הלא קנית ממני בקנין גמור ועשינו ת״כ. והמת טען אמת כי הסכלתי עשו שקניתי מאתך העבירה אבל אנכי עשיתי זאת להפיס צערך והאמת לא כן דימיתי ודמיתי תמיד כי אחזור לך המעות ונשתקע הדבר ועתה מעות אני חייב לך ולא לסבול עבור העבירה שלך כי איך יענישו אותי על העברה כי לא קבלתי שום הנאה ממנה ואתה עשית ואנוכי אלקה עבורך. ואת המת לא ראו כ""א הבע""ד ו המרש""א אך כל העם שמעו את קולו ואח""כ בכה המת וצעק אוי לו למי שמדמה בנפשו כי שלום יהיה לו כאשר ישכב בקבר ואינו מפשפש במעשיו בעוה״ז כי מרה תהיה אחריתו ואח""כ טענו עוד החי והמת וישתוקו. ויאמר המרש""א צדקו דברי החי מדברי המת כי מנע אותו מתשובה עד כה וע""כ מקח כשאר מקח ושוטה נשאר שוטה כי לא די אשר לא נתן תודה להשי״ת כי הצילו מן החטא אבל קנה עוד חטאים זרים לספות על חטאתו וכשמוע המת את הדבר הזה נתן קולו בבכי גדול לפני כל העם. ויאמר הלא חכיתי כי יוציא בצדק דיני יען כי הוא עוד חי ויש בידו עוד לעשות תשובה אבל אנכי מה אעשה. אויה לי כי אין מניחים אותי עוד לעמוד פה כי אומרים לי כבר נפסק דינך מהרב הקדוש. וינחם אותו המרש״א ויאמר אנכי אראה לעשות תיקון לנשמתך ויקל מעליך העונש וגם אתן עכ״ז תשובה להאיש החי גם כן למען יקלו מעליך עונשך אבל הדין כבר נפסק כי הצדק עם החי וכאשר פסק הרב מלדבר שמעו העם תיכף קול בכי גדול ובמקום אשר עמד שם המת נראה להם עתה כעשן גדול ונעלם מעיניהם : והמוסר היוצא מזה מובן לכל בן דעה השי״ת יזכינו לשוב לפניו בלב שלם אמן."
Khal-Hasidim_0023	Khal-Hasidim	minor	major	major	The unnamed bride is the central figure of the story's climax: her sudden collapse into a death-like state is the entire purpose of the Besht's mysterious journey, and her miraculous revival and wedding are the story's culminating spiritual event. Without her, there is no story.	The bride's near-death experience and subsequent rescue by the Baal Shem Tov is the central event of the story. Her condition precipitates the crisis and her revival enables the wedding to proceed, making her indispensable to the narrative's plot and resolution.			"Khal-Hasidim_0023 תיוגים מעשה שנסע הבעש״ט מביתו יום ד׳ לעת ערב ונסע כל הלילה ולמחרתו כל היום ולא היה יודע שום אדם תכלית הכוונה בהנסיעה וגם להיכן הוא נוסע ונסע מהלך רב ביום ההוא כידוע לכל כאשר היה נסיעתו ויהי בחצי הלילה בא ללון בכפר אחד ויתאכסנו בבית המוכסן ולא היה מכירם כלל גם כי לא הגיד להם מי הוא. וישאל אותם המוכסן להיכן הם נוסעים. ויאמר הבעש״ט . כי הוא דרשן גדול וכאשר שמע כי ב ברלין בערב שבת הזה יהיה חתונת הגביר פלוני וע""כ נוסע הוא על החתונה. ויאמר להם הבעה״ב האם משחקים אתם ממני הלא עיר ברלין רחוקה הוא מכאן יותר מחמשים פרסאות ואיך תגיעו לשם על שבת ויאמר הבעש״ט יודע אני כי בודאי אהי' שם על שבת כי הסוסים שלי טובים מאוד. ושחק עוד הבעה״ב אבל הבעש״ט הניד כי בלי שום ספק יהיה שם על שבת ויתיישב המוכסן בדעתו כי הוא צריך לנסוע ערך עשרים מילין מכאן והדרשן בודאי לא יגיע למחוז חפצו. וע""כ טוב לו לנסוע עם הדרשן הזה עד המקום ההוא ויאמר ל הבעש""ט א""כ גם אנכי אסע עמכם. אם תרצו ליקח אותי. כי גם אנכי יש לי עסק ב ברלין . ויען לו הבעש״ט אנכי אקח אותך ליסע אתי בצוותא. ויהי ממחרת ויתמהמה הבעש״ט בבית מלונו ויתפלל ויצוה להכין לו סעודת שחרית ויאמר לו הבעה״ב הלא אתם צריכים לנסוע מהלך רב ולמה תתמהמהו תתמהמו פה ויאמר לו הבעש""ט אל תדאג אנכי אהי׳ אי""ה עוד מחר בבוקר ב ברלין . ויהי הדבר לפלא בעיני הבעה״ב ויאמר בלבו אסע גם אנכי עם האיש הזה ונראה מה יהיו חלומותיו. הלא דבר הוא כי הוא חזק בדעתו. ולעת ערב צוה הבעש״ט לרתום סוסיו ויסע משם וגם הבעה״ב נסע אתם ויסעו כל הלילה הבוקר אור והנה ראה המוכסן כי המה לא רחוקים מעיר ברלין וכמו רבע שעה באו ל ברלין ויתמה המוכסן מאוד מאוד ויתאכסן הבעש""ט באכסניא אחת רחוק ממקום הגביר החתן הנ""ל וכמו שעה י""ב נעשה רעש גדול בעיר כי הכלה של הגביר הנ""ל נתעלפה פתאום ואינם יכולים להקיצה בשום אופן וכמת נחשבה. וירץהמוכסן לשם לראות מה היה שם והנה היא שוכבת כמת ונתיאשו ממנה כל הרופאים. והגביר הולך בבית אחת הנה ואחת הנה והיגון כסה פניו מאוד מאוד. וכראות המוכסן כי אין תרופה למכתה. ויאמר להגביר הנה אנכי באתי הלילה הזאת עם דרשן אחד איש פלאי ויספר לו כל הנ""ל וע""כ אם טוב הדבר לפניכם שלחו נא לקרותו והבטיחו לו כסף אולי יוכל לרפאות אותה כי שמעתי אותו מתהלל כי הוא בקי ברפואות. ותיכף רץ הגביר בעצמו אליו ויתחנן לו לילך אתו לראות מה נעשה בהכלה וילך אתו הבעש""ט ויבא לבית והסתכל בפניה ויאמר לבני בית הכינו לה תכריכין ועשו כמנהגכם מהרה מהרה ואל הגביר צוה שישלח שיחפרו תיכף קבר כראוי ואמר כי גם אנכי אלך על הבית עלמין אך צוה שיקחו גם את הבגדים אשר הכינו ללבוש את הכלה לחופה יקחו אתם על הבית עלמין ותיכף עשו כאשר ציוום. וילוו אותה וילך גם הבעש״ט ואחריו הלכו כל אנשי העיר לראות את החדשות אשר יעשה שמה הבעש״ט ז""ל. ויהי כבואם אל הב""ע צוה הבעש״ט להכניסה בקברה והוא עמד ושחה על מטהו. ויקרא לשני אנשים חזקים ויאמר להם התחזקו והיו לבני חיל ותיכף כאשר תראו השתנות בפני הכלה תיכף תחטופו אותה מתוך הקבר. והזהירם מאוד והוא עמד כך מוטה על מטהו ופניו לקברה. ויהי כמו רבע שעה ראו האנשים כי נתאדמ' פניה ורמז להם הבעש״ט ותיכף הניפו אותה מקברה וידחף הבעש""ט אותה לאמר לכי להחופה ותיכף לבשו אותה את בגדיה והוליכוה לבית והכינו החופה ובקש הגביר הנ""ל את הבעש״ט שיסדר קדושין וכן עשה ובעת אשר סידר קידושין הסירה הכלה את הצעיף מעל פניה ותסתכל עליו ולא עצרה ברוחה לאמר זה האיש אשר הצילני ממות ויגער בה הבעש״ט . ואחר החופה ספרה הכלה כל הנעשה. הגביר הנ""ל הי׳ אלמן מאשתו. אשר היא היתה דודתו של הכלה הזאת והכלה הזאת נתגדלה בבית הגביר הנ""ל ויהי כאשר חלתה אשת הגביר הנ""ל וראת' כי הגיע קיצה הבינ׳ כי הבעל יקח את בת אחות ונתקנאה ונתקנא בה ותבקש את בעלה להבטיח לה שלא יקח אותה והבטיח לה וביקשה מאתו שיתן לה ת""כ ע""ז ויתן לה ת""כ וגם להבתולה בקשה כנ""ל והיא גם היא הבטיחה לה ותתן לה ת""כ ג""כ. ואחרי מותה עברו שניהם הת""כ ויהי סמוך לחופה באתה האשה המתה ותחפוץ להרוג את הכלה. ויהי הפסק דין בפני הבע""שט בעת שההכניסו אותה לתקבר ואז אחרי שני הטענות פסק הבעש״ט כי אין שום אשם על הגביר ואשתו יען כי את זאת עשו שלא רצו לעגם נפשה ויגער הבעש״ט על אשתו .המתה למה תעצור אותה כי היא צריכה ללכת לחופה ועתה כאשר שמעתי שסידר קדושין הכרתי את קולו כן ספרה הכלה וישבות הבעש״ט שם בכבוד גדול ותיכף אחר שבת נסע משם בכבוד גדול וילווהו משם אנשי העיר :"
Khal-Hasidim_0041	Khal-Hasidim	minor	major	major	The Rabbanit (rebbetzin) is the central figure whose life-threatening difficult labor drives the entire plot: she initiates the chain of events by sending for R' Yosef, grants him access to her money, and the mikveh ritual performed by R' Yosef and the Maggid is wholly devoted to saving her life and enabling her to give birth. The story culminates in her survival and delivery.	The rabbi's wife is central to the story. Her difficult labor and the actions taken to help her deliver are the driving force of the narrative, and her survival is the outcome the characters seek.			"Khal-Hasidim_0041 תיוגים החסיד ר׳ יוסף מ זורניץ הנקרא ר׳ יוסף מלמד היה בעירנו בק""ק ליניץ ואני לא הייתי בקו הבריאה בעיר ההיא ולא יכולתי לישב עמו רק שנתתי לו שלום ולא שמעתי ממנו בעצמו וחבירי שמעו ממנו וסיפרו לפני וביד מ׳ יוסף היה מונח תמיד מעות שלישית והמעות של הרב הנ""ל היו ג""כ אצל מ׳ יוסף הנ""ל ובעת הזאת היה פיסול מטבעות והיה מריבות עי""ז ואמר יוסף נלך להרב המגיד ויעשה פשרה בינינו והלכו להרב המגיד ועשה פשרה ביניהם והלכה הרבנית לביתה ור׳ יוסף נשאר עדיין אצל המגיד אה״מ ל ר""י הרבנות הלז היא לאחר יאוש ולמחר הרגישה בעצמה חבלי לידה והבינה שהיא מקשה לילד ושלחה אחר ר׳ יוסף ואמרה לו בבקשה שימחול רומע״ל ע״כ לילך אל המגיד שיעשה בשבילי פ""נ והיא שמעה מן המגיד כנ""ל אמר לה אם תתן לי המפתח מן התיבה שאקח מעות כל מה שאחפוץ אלך ואם לאו לא אלך ונתנה לו המפתח ונתנה לו פאטשילא ולקח ק""ס זהובים ובא אל המגיד אמר לו המגיד למה באת הלא אמרתי לך המעמד שלה אמר ר׳ יוסף היא נתנה לי המפתח ונתנה לי רשות על כל המעות שיש לה. תיכף שלח המגיד אחרי רבי מיכל ז""ל ואחר רבי ליב כהן ז""ל ור׳ יוסף הנ""ל שילכו למקוה ו המגיד עדיין היה יכול לילך ברגליו אלא שלא יכול לילך למים והלכו הם שלשה וגם המגיד הלך עמהם ונכנסו השלשה למקוה ו המגיד עומד עליהם ושהו תחת המים וכשעלו מן המים אמר המגיד עדיין לא פעלתם וטבלו כן כמה פעמים ואמר ר׳ יוסף ז""ל ש המגיד רצה ללמוד אותי הכוונות אבל יותר טוב אלך בתמימת בתמימות שלי ושהו במקוה עד בוש ונתקרר ר׳ יוסף כי היה זקן ואמר רבש״ע הבה לי במתנה את הרבנית ואם לא אני בסכנה ואח״כ צוה להם שילכו מן המקוה ויעלו כי ת""ל פעלתם שתחי' הרבנית ותלד שלשה בנים ואמר כמה זכרים וכמה נקבות ואין אני זוכר המגיד צוה מקודם שהלכו למקוה שיבשלו תבשיל עם הרבה בשמים כדי שיתחמם אחר המקוה ולאחר אכילה אמר המגיד שיטמין א״ע שלא ימצאוהו כי יהיה רעש גדול גם סגר הדלת בעדו ולא הניח שום אדם לכנוס עד שילדה הבנים וחי׳ :"
Khal-Hasidim_0068	Khal-Hasidim	minor	major	major	Adel (מ' אדל), the Besht's daughter, enters at the narrative's climax and her action — calling her father to eat — directly causes the mystical transmission to break off, the heavenly visitors to depart, and the Besht to collapse; the Besht then addresses her role explicitly and reveals her soul's mystical origin. Her intervention is the hinge of the entire episode, making her indispensable to both plot and spiritual meaning.	The story revolves around the Besht's illness and the interruption caused by his daughter, Adel, who is named and whose action of calling him to eat significantly alters the spiritual state of the Besht and the mystical experience being described. Her presence and action are central to the narrative's conflict and resolution.			"Khal-Hasidim_0068 תיוגים שמעתי מהרב דקהלתינו בהיות הבעש״ט חולה קודם פטירתו לא שכב במשכב רק שנעשה כחוש וקולו נקלה והיה יושב בבית התבודדותו ולא היה בו כח לקרוא להמשרת שלו כשהיה צריך לו ותלה פעמון בבית גדול וחוט נמשך אליו לבית קטן שלו ו הבעש״ט מושך בחוט ונשמע קול הפעמון ובא אליו המשרת. פ״א נכנס אליו רבי דוד פורקעס ז""ל מ""מ דק""ק מעזיבוז ושאל אותו איזה דבר ומאיש אחד מק""ק בראד שמעתי שהשאלה הי׳ האיך להתפלל בעד החולה עם סיפורי מעשיות והתחיל לומר לו ובאמרו נתלהב מאוד ופניו היו בוערות כלפידים ונפל פחד על הר׳ דוד הנ""ל ורצה לברוח רק מחמת ש הבעש״ט דיבר עמו פא""פ לא יכול לצאת ובתוך כך באה בתו מ' אדל ז""ל ואמרה אל אביה עת לאכול כי פנה היום ומיד אזל סומקא ואתא חיורא ושכב על מטתו לנוח ואמר לה בתי מה עשית לי ואמר הר׳ דוד הדין עמה כי עת הוא לאכול אמר הבעש""ט לא ידעת מי היה כאן מצד אחד עמד אליהו ז""ל ומצד השני עמד רבי והם אמרו לי ואני אמרתי לך וכשבאה ובלבלה אותי הלכו ואמר הבעש״ט כי לקח נשמת בתו מן התורה מן הפסוק אש דת למו ר""ת אדל :"
Khal-Hasidim_0110	Khal-Hasidim	minor	major	major	The ill wife is the central figure whose affliction drives the entire plot — the husband's journey, the visit to the Besht, and the climactic miraculous healing all revolve around her condition and recovery. Her illness and cure are the story's main spiritual and narrative focus.	The story revolves around the wife's illness and miraculous healing. Her inability to use her hands and eventual recovery through the Ba'al Shem Tov's intervention are central to the plot, making her a major character.			"Khal-Hasidim_0110 תיוגים ב מדינות וואלחייא הי׳ איש אחד גביר מפורסם ופתאום חלתה אשתו על שתי ידי' שלא יכלה להרים אותם בשום אופן והלך עמה אצל כל הרופאים ולא הועילו כלום ונתייאשו מרפאותה וגם שאל בקדריים ולא עלתה ארוכה למכתה והסכימה דתו לנסוע עמה מעיר לעיר אולי תעלה ארוכה למכתה ע""י בע""ש או רופאים ויהי בנסיעתו וישמע את שמע הבעש״ט מרחוק ויסע לק""ק מעזיבוז ובבואם לק""ק הנ""ל הלכו ל הבעש״ט וצוה עליו שתשב בק""ק הנ""ל ותשב שם ימים רבים ובתוך משך הזמן באו כמה פעמים להרב וצוה לישב עוד ויהי ברבות הימים פעם א' צוה להכין העגלה עם הסוסים וצוה להאיש הנ""ל שיסע עם אשתו החולנית ג""כ אחריו ויהי בנסיעתם באו לאיזה כפר ושם הי' דר א׳ מאנשי הבעש""ט ויהי בבואם לשם שאל הרב את המוכסן אתה תתן לי אכסניא ויפלא מאד בעיני המוכסן ע״ז השאל' כי באמת הי׳ לו זכיה רבה שיתאכסן הרב אצלו והשיב לו הרב כי כאשר יתאכסן אצלו אזי יסגרו החלונות והשערי' והדלתות שלא לפתוח לשום אדם יהיה מי שיהיה אפי׳ איזה שר גדול ובאם שידחוק א״ע מאד אזי להשיב כי בכאן הרב בעש״ט והבטיח המוכסן לעשות כן ועמדו אצלו בקרעצים ותיכף ומיד עשו כדבר הרב והכינו א״ע לסעודת הערב ואחרי הסעודה ישנו כולם מלבד הבעש""ט ישב אצל השולחן ולמד באיזה ספר והאשה החולנית ישבה בירכתי הבית והנה באותו היום בא אחיו של השר מהקרעצים ההוא אשר לא ראו איש את אחיו זה יותר משתים עשרה שנה ותהי השמחה גדולה ביניהם ואכלו ושתו ונשתכרו ובאמצע הדברים התחיל השר להתפאר א""ע איך על מקום הידוע בנה קרעצים טובה ומהודרת עד מאוד ויהלל אותה עד מאד וביקש האורח אותו שיתנו לו סוס א׳ שיסע לשם. ונתנו לו סוס טוב ומובחר ובהיות שהמקום הי׳ קרוב מהמבצר נסע רק בבגד א׳. ותיכף כשנסע מיד התחיל רוח סערה עם שלג הנק' מוטעלניצע ונתעכב בנסיעתו כמה שעות עד שבא להקרעצים ודפק על הדלת שיפתחו לו והשיבו לו שא""א לפתוח לו מפני שבכאן הרב הבעש״ט וביקש כמה פעמים בתחנונים גדולים לפתוח לו היות שנתקרר מאד והשיבו לו כנ""ל עד שבפעם האחרון רמז הבעש""ט שיפתחו לו וכאשרנכנס השר לבית הלך אנה ואנה עד שנתחמם מעט וכאשר שב לאיתנו שאל מי הוא זה ואיזהו הבעש״ט אשר עבורו לא פתחו לי את הדלת עד שהי' באפשרי ממש למות מגודל הקרירות והראו לו את הרב עד שבפעם שלישית בערה בו אש הכעס לגמרי וכשהראו לו את הרב שלף חרבו מתערה והניף את ידו על הרב להרגו מיד צעק הרב לאשה החולנת החולנית הגביהי את שתי ידיך וכן עשתה ומיד נעשה חילופין להאשה וחזרו ידי' לבריאותה כבראשונה והשר לא יכול להשיב ידו ותיבש ידו והתחנן להרב ואמר שלא אוכל להועיל לך כי כבר נעשה החילופין וא""א לשנות עוד :"
Khal-Hasidim_0168	Khal-Hasidim	minor	major	major	The wife is a central, active figure whose steadfast refusal of a divorce, prolonged suffering (self-support through sewing and laundry, estrangement from her father, children's illness), and written letter to her husband constitute the narrative's pivotal crisis and drive the entire second half of the story. Her endurance and the hardship she undergoes are foregrounded at length and are indispensable to the plot's development.	The wife's suffering (being cut off from her family and struggling to support her sick children while her husband is away) is a major plot point that drives the husband to seek help from the Rebbes, and ultimately leads to the climax of the story.			"Khal-Hasidim_0168 תיוגים עתה נספר אחת אשר סיפר החסיד המפורסם ר' מאיר מ בארדיטשוב לפני כבוד קדושת הרב הגדול והקדוש ר' משה מ סאווראן אשר הוא ראה את הרה""ק ר׳ ליב שרהעס ביער אצל סוואלק :והמעשה שהיה כך היה הנה האיש הנ""ל הר' מאיר היה בן גביר וחתן לגביר ב סוואלק הבירה והוא בעצמו היה חריף ושנון והיה לומד בישיבת הגאון מ סוואלק והנה כאשר הגדיל האיש הנ""ל התבונן הוא במאמרי חז""ל ובמאמרי הזוהר המתאימים יחד כי בכל דור נמצאים בני עליה אשר עיילי בלא בר ויכולים להזריח בלב כל איש תורתו ועבודתו שתהיה בחינת תענוג אהבה רבה בתענוגים ולא תהיה העבודה כמשוי וע""כ נגמר בדעתו שצריך לחפש הדבר הזה כמטמונים עד שימצאנה. אבל אביו וחותנו לא הניחוהו לפסוע פסיעה לבר מעירם והיה האיש ההוא בצער גדול עד כי הציקוהו מורשי לבבו והתגנב מביתו בלא מעות ובלא מלבושים ויתחפש וילך מעיר לעיר לבקש את הדבר הזה אולי ימצאנה עד כי הקרה ה׳ דרכו לפניו כי הבא לטהר מסייעין לו ובא ל קארלין מקום משכן כבודו של הרב הקדוש ר׳ שלמה מ קארלין ז""ל ותיכף כאשר נכנס לבית וראה את פני הרב אמר לזה נאה לקרותו כי רבי. ותהלה לאל מצאתי את אשר בקשתי ויתמהמה שם ימים הרבה אבל אביו וחותנו כששמעם אשר נתהוה חסיד נדרו הנאה ממנו וחותנו הפציר בבתו שתקבל גט ממנו אבל היא הוא לא רצתה וע""כ נדר חותנו גם מבתו הנאה ועל כן היתה עטופה ברעב כל ימי היות בעלה ב קארלין והיתה מתפרנס ממעשה ידיה מלאכת התפירה והכביסה וכדומה. ואביה וחותנה כאשר ראו כי היא זלזלה בכבודם כי המה היו משועי ואצילי העיר רגזו מאוד עליה ונשבעו שלא להזדקק לה אף אם תצא נפשה. אך כל זמן כי היתה בריאה עם שני ילדיה לא השגיחה בכל זה והית' מתפרנס ממלאכתה אולם אחר כך נפלו בניה בחולי גדול ועל כן לא יכלה לעשות מלאכתה מובן ממילא כי גבר הרעב עליהם. ותכתוב אז מכתב לבעלה מכל הקורות אותם וכי שני בניה נפלו למשכב ואין להם במה לחיות אפילו יום אחד. וכאשר הגיע לר׳ מאיר הנ""ל המכתב נכמרו רחמיו מאוד על חולי בניו כי עד כה לא היה משגיח במכתבים אשר שלחה אליו. אבל בזה המכתב נפלה לבבו. ויכנוס עם המכתב להרב ר׳ שלמה הנ""ל ויאמר לו הרב אנכי לא אענה לך על הדבר הזה אבל איעצך לך נא להרב מ פינסק כי שם היה אז הרב קדוש רבי לוי יצחק אשר היה אחר כך אב""ד ב ברדיטשוב והוא יגיד לך את אשר תעשה. וילך האיש ל הרב מ פינסק ויראה לו את המכתב ויבך לפניו כי יטכס לו עצה מה לעשות ויאמר לו כי הרב מ קארלין שלחו אליו ויאמר אליו הרב מ פינסק הוא לא רצה להגיד לך אולי לא תאבה לשמוע אליו אבל אנכי אגיד לך האמת הנה בנך אחד כבר מת והשני הוא חולה גדול וזה לך עונש אשר אתה מחזיק תחת ידיך כתבים מהאיש פלוני אלמוני. ואתה משתעשע ומתענג בהם וע""כ כאשר תתם על האש אשר על האח יתרפא בנך ואתה תזכה לשני שולחנות תורה וגדולה כאחד כי תהיה אי""ה עשיר גדול ועתה הגדתי לך האמת אם תשמע ואם תחדל אבל האיש הנ""ל היה קשה עליו פרידתו מהכתבים כי היו אהובים ויקרים אצלו כבת עינו ממש. והיה מדמה בנפשו אם ינטלו הכתבים ממנו כאילו ניטל חייו. וילך האיש במר נפשו לחזרה ל קארלין וישאלהו וישאלהי הרר""ש מה הגיד לך הרב מ פינסק ויבך האיש ויספר לפניו צרות נפשו וכי אין הוא רואה שום דבר זר חלילה בהכתבים ולמה ידין אותם בשריפה. ויאמר לו הרר""ש ה׳ אשר הנהיגך בדרך האמת עד כה הוא יודע כי לא מדברי נרגנות דבר דיבר הרב מ פינסק את הדברים האלה אבל כן הוא האמת כי אם לא תתן הכתבים על הלהב מרה תהיה חלילה באחרונה. ועל כן שמע לקולו ועשה מהרה את אשר אשר צוה עליך ובזה תציל את נפש בנך ממות מה גם כי יחולו ברכות הרב על ראשך ותשכיל ותצליח בכל דרכיך ויעש כן האיש במר נפשו לקיים הלאו דלא תסור וכל אשר יגידו לך ועשה להב גדול מכל הכתבים עדכי נתבערו מן העולם. וישב הר""ר מאיר עוד כששה שבועות ב קארלין ואחר כך שלחו הרב לביתו ונתן לו עצה מה לעשות וב""ה כי הצליח את דרכו ומצא את אשתו ובנו בריא אולם וגם הצליח לו בעסקיו עד כי במשך ימים מועטים עלה על במתי הגדולה ונעשה סוחר גדול וגם היה עוסק יומם ולילה בתורת ה׳ ועבודתו. ויהי ברבות הימים נסע פעם אחת לדרכו העיר ווילנא והלאה ויעמוד לפוש בקרעטשמע אחת ושב לאכול ובתוך כך באו להקרעטשמע שני עגלות טעונים עם עניים ההוליכים לבקש נדבתם מעיר לעיר ויעמדו גם כן אצל הבית ונעשה רעש מאתם כנהוג בין העניים זה מבקש י""ש וזה לחם. בתוך כך הסתכל ר׳ מאיר הנ""ל והנה זקן נכבד גם כן בין העניים ההם וילך לקנות לחם אצל בעל הבית אבל כאשר ראה את הלחם הלך ריקם ממנו ולא רצה לקנות ובא לר' מאיר כי הוא יתן לו מלחמו בעד אגורת כסף כי הוא רעב ויתן לו ר' מאיר לחם בלא כסף אבל הוא לא רצה לקבל ויפצר בו ר""מ ויקבל את הלחם מידו ויתן לו תודה וילך לו : ויהי כאשר הלך הזקן לרחוץ ידיו ראה ר""מ מרחוק כי הסתכל בכלי הנטילה ולא ישר בעיניו ויקח כלי אחרת וייטול את ידיו ויאכל ואחר כך נסעו להם כל העניים וגם הזקן נעלם מעיניו. ול ר""מ הנ""ל נפל ברעיוניו כי לא איש פשוט הוא הזקן הזה כי ראה כי אינו כשאר העניים מה גם הוא מדקדק במצות וישער ר""מ בדעתו אולי הוא מהנסתרים וירצה ר""מ להתחקה על שורש הדבר מפני מה לא רצה לאכול מלחם בעל הבית ונגמר בדעתו לחקור אם נטלו חלה מזה הלחם. וילך לבעלת הבית וישאל אותה האם הפרשתם חלה מהלחם ותאמר לו הלא כלתי הפרישה חלה. ואיה כלתכם הוסף ר""מ לשאול ותאמר היא יושבת בגן לשרש ולנקות את התלמים. וילך הר""מ לגן וישאל אותה אם הפרישה חלה ותאמר לו הלא חמותי הפרישה חלה. וכאשר שמע זאת הרר״מ הבין כי עבו""ז לא רצה הזקן לאכול מלחמם ויצו הר""מ לחבוש מהרה את סוסיו וירץ אחרי העניים וימצאם כי נסעו כברת ארץ מהקרעטשמי כי המה מתנהגים לאט בכבידות וישאל הר""מ את העניים איה הזקן אשר היה אתכם ויענו לו ויאמרו השומרים אנחנו את המשוגע הזה כי הוא מתנהג בשגעון הולך לבדו ביער ומתחבא מאתנו על יום או יומים ואח״כ הוא בא ומתחבא עוד הפעם והולך יחידי בין הבכאים והאילנות ועוד דברים רבים ספרו לו. אבל הר""מ שאל אותם אולי ראיתם עתה להיכן ובאיזה דרך הלך. ויראו לו את הדרך אשר הלך בה הזקן הנ""ל וילך ר""מ ויחפש אותו אולי ימצאנו וימצא אותו עומד אצל אילן אחת צולל במעמקי רעיוניו. ויגש אליו ר""מ ויאמר לו אדוני הגידו נא לי מי אתם. ויאמר לו הזקן וכי את בתך אנכי מבקש ומה חפציך להכיר אותי הלא איש עני אנכי. ויאמר אליו ר""מ אבל ידעתי בבירור כי אתם מצדיקים הנסתרים וידעתי כי לא שגיתי ברואה. כי תדעו כי שני שנים הייתי אצל הרב הקדוש ר׳ שלמה מ קארלין . ומאז מבין אני על פי חכמת אדם המאיר פניו את האיש אשר רוח אלקים נוססה בו : הקיצור ר' מאיר הנ""ל הפציר בו מאד. ויאמר לו הזקן אנכי ליב בן שרה ואשר זכית לראותי עתה הוא מאשר סרת למשמעת הרב הקדוש מ פינסק ושרפת את הכתבים ההם ואני לא אחשה מלגלות לך עתה כי כל עיקר מגמת נסיעתי הוא לתקן את אשר עוות האיש ההוא אשר ממנו נובעים הכתבים אשר היו בידך והאיש ר""מ נתפעל ונשתומם ויפציר מהרב שיברך אותו וברך אותו ואחר כך לעת זקנותו נסע ר""מ הנ""ל ל אה״ק . ומדי עברו שחר את פני הרב הקדוש מ סאווראן ואז סיפר לו את כל אלה ומהאיש ששמע מר' מאיר הנ""ל שמעתי והצעתי לפני הקורא :"
Khal-Hasidim_0185	Khal-Hasidim	minor	major	major	The widow is the catalyst and emotional center of the entire narrative: her son's abduction to apostasy is the crisis that sets the plot in motion, her weeping and plea to the Rebbe prompt his extraordinary sevenfold spiritual intervention, and the story's resolution is explicitly framed as the boy being returned to his mother. Without her suffering and active seeking of help, there is no story.	The story revolves around a widow's distress and her actions to save her son from converting. The narrative emphasizes her desperation and proactive steps, making her central to the plot's unfolding.			"Khal-Hasidim_0185 תיוגים עתה נספר את אשר סיפר הרב בעצמו ביום י""ט כסליו שהיה דרכו תמיד לעשות סעודה בליל י""ט והיה שמח ומשמח והיה אומר תורה הרבה אך פעם א׳ נשתהה לבוא והמתינו עליו כל החסידים עד שעה ג׳ אחר חצות לילה וכאשר בא ראו כל החסידים והנה טרוד בעומק רעיוניו מאוד וכאשר ישב אצל השולחן אמר תיתו לי כי הצלתי את נפש ישראל ממות כי בעת היותי ב מעזריטש היתה אלמנה אחת אשר היתה מחמה לי חמין בכל יום וגם היתה כובסת הבגדים אשר לי והיה לה בן נער כבן י""ד שנים מופלא בלימודו ופתאום פתהו נערי עכו״ם מבית התפלה שלהם שימיר דתו ויפת הנער ותיכף כאשר נתרצה להם הובילוהו לבית התפלה שלהם וסגרוהו בהעליה הגבוה אשר בבית תפלתם. ובכתה האלמנה מאוד לפני ורצתה להכניס לרבינו ולרבינו ולא לא הניחה משרתו פוליט כי היה רבינו חלוש אז מאוד ונתתי לה עצה כי תבא לבית מורי ביום הששי לעת ערב אשר אז הולך פוליט למרחץ ומבקש אותי להיות שומר הפתח עד בואו ואם תבוא אז אניח אותה לכנוס למורי וגם אמליץ טוב עבורה וכן עשתה ותבא ותספר למורי כל הנעשה עם בנה וגם אנכי אמרתי לו כי הוא עלם יקיר כו' ויצו עליה מורי שתלך לביתה והוא והואי יצא תיכף לבוש בבגדי שבת והתחיל לומר תורה על פסוק נפש כי תחטא ועל השבת ההוא היו מהרבנים שכתבנו לעיל והכינו א""ע כבר להתפלל ולבשו הבגדי לבן וכאשר שמעו כי אדמו״ר אומר תורה באו כולם ופשטו את הבגדי לבן והיה הדבר הזה לפלא בעיניהם מאוד כי לא הי' דרכו בכך מעולם וכאשר סיים מורי את דבריו הלכו כולם להתפלל ולבשו את הבגדים אבל מורי לא התמהמה וכמו רבע שעה נכנס עוד הפעם ואמר מאמר אחר על פסוק נפש כי תחטא . והתלמידים הוכרחו עוד הפעם להפשיט את הבגדים וכן הי' ד' פעמים פשטו ולבשו תלמידים את בגדי השבת (כי לא הי' לובשים לפני מורינו בגדי לבן) ומורי דרש רק על פסוק הנ""ל ואח״כ בלילה אמר עוד ג' פעמים דרושים נפלאים על פסוק הנ""ל והתלמידים התפלאו מאוד ע""ז ואך בפעם השביעית כשאמר מורי תורה נתהוה רוח חזקה מפרק הרים ומשבר סלעים וכשסיים מורי תורתו שמענו קול הכאה בהחלון הסתום כאלו זרקו אבנים גדולים עליו. ויאמר לי מורי לך הוליך את הנער לאמו : והלכתי לחוץ ומצאתי את הנער עומד אצל החלון ולקחתי אותו בידו והולכתיו לאמו וכאשר שב נפש הנער אל קרבו שאלתיו כי יספר לי מה הי׳ לו ויספר לי הנער כי סגרהו בעליית בעלוית בית תפלתם עם עוד נער אחד מנערי העכו""ם וגם היו לפניהם משקאות ומאכלים והי׳ משחק עם הנער כל יום הששי ויהי לפנות ערב נפל בדעתו של הנער מה הוא עושה פה ויתמרמר מעט אבל תיכף שתה משקה המשכרת להפיג צערו וירחיק את הדבר הזה מרעיוניו מרעיוני אבל בעוד רבע שעה נפל בדעתו עוד הפעם כי לא טוב הדבר אשר הוא עושה ויכנוס הדבר בלבו ויתמרמר ויקח הנער את הכינור כי היה יודע בגן בכינור ויחשוב להפיג צערו בזאת וכן היה הקיצור בפעם הרביעי ובפעם החמיש נתמרמר מאד עד כי לא הי' יכול לסבול ויבך מאוד במר נפשו על אשר קרה לו כאלה וירצה לצאת לחוץ ולברוח אבל הדלת הי' סגור וינסה בכל כח לשבור את הדלת ולא יכול ונגמר בדעתו להשליך את עצמו מתוך החלון ואף כי יתרסקו אבריו כי היה גבוה החלון מהארץ כשלשים אמות אעפ""כ נתרצה למות מלהיות עכו״ם ועכ""ז נתגבר יצרו עליו בהסיתו אותו כי מחר יברח אבל בפעם הששי נתגבר על יצרו וישליך עצמו מתוך החלון אבל בחסד האל מחמת הרוח סערה אשר היתה לא נפל לארץ כ""א הרוח נשאו להלן בחצר ושם עמד על רגליו אבל גם בחצר היו כל הדלתות סגורים וסביבות החצר היה גדר גבוה כעשרים אמות ולא ידע לעשות ויתרפק לעלות על הגדר ולא יכול אבל בתוך כך מצא מקום שיוכל להאחז לעלות מעט וכאשר עלה נתהוה עוד רוח סערה גדולה וישאהו הרח עד לפני החלון של מורי כן סיפר הרב בבואו בלילה לפני אנשים והיתה פליאה גדולה בעיני כל החסידים מה הוא מספר עתה המעשה וע""כ עמדו מארבים מהחסידים כל הלילה אצל הפתח מחדר הרב וכאור הבוקר ראו והנה איש אשר קשר את ראשו וצדעיו במפחת במטפחת יצא מחדר רבינו והבינו כל החסידים כי הרב כיון באומר תיתי לי כי הצלתי כו' זכותם יעלינו ועל כל ישראל אמן :"
Khal-Hasidim_0244	Khal-Hasidim	minor	major	major	The accused wife (sotah) is the central figure around whom the entire narrative turns: she is summoned, confronted with the Torah reading, and dramatically dies on the steps — her guilt and punishment are the climax and spiritual proof-point of the story. Without her active presence the narrative has no plot.	The story revolves around a woman accused of adultery, and her public humiliation and death are central to the narrative. The story highlights her transgression and miraculous punishment, making her a major character.			"Khal-Hasidim_0244 תיוגים מעשה נוראה מהגאון המובהק חסידא קדישא מורינו ורבינו חיים יוסף דוד אזולאי זצ""ל נעתק מס' שם הגדולים החדש וז""ל שם : ושמעתי ממנו מעשה נוראה ונפלאה. שלעת זקנתו כאשר היה חכם העיר דק""ק לוורני בא אליו אדם חשוב אחד והוא כהן בקובלנא על אשתו לאשר כי נסתרה עם איש אחד. והגאון הנ""ל גם דייני העיר המובהקים ישבו שם ויאמר הגאון לו אשר כפי מצות התורה מוכרח הוא לגרשה ולא יכלו הדיינים להתאפק ובפרט כי היו קרובים להאשה הנ""ל ורצו לחפות עליה ויאמרו לו ילמדינו רבינו מאין לו מקור דין זה לשפוט בלא עדים אין זה אלא דברי נביאות. ולא בשמים היא ואם נעשה דין ומשפט עפ""י רוה""ק יצא ח""ו משפט מעוקל כי בעוה״ר איו לנו בזמה״ז לא כהן ונביא אלא דברי חז""ל עפ""י ד""ת הקדושה. והגאון הנ""ל לא השיב להם מאומה אך אמר פעם שנית להאיש בעל האשה שמע בקולי וגרש את האשה הזאת. וכראותם כי לא ענה אותם דבר וילכו לקרובי האשה אשר היו נכבדי העיר הזאת ויספרו להם את כל ונוכחת וילינו עליו את כל העדה וכשמוע הגאון הנ""ל את דברי ריבות האלה ותהי עליו רוח ה' וישלח ויקרא את האשה ותבא אליו לבית העלי' אשר שם הי' חדר למודו ובית תפלתו וכראותו אותה ויקם מכסאו וילך להארגז אשר בו היו מונחים ספרי תורות ויקח ספר תורה ויקרא באזניה פרשת הסוטה בטעמי הנגינות. ויהי כהפנותה שכמה ללכת ויקרא עליה הגאון אזולאי בקול אם לא שטית וגו' ואת כי שטית וגו' וכאשר שמה רגלה על המעלה הראשונה לא הפסיקה לרדת עד שפניה נהפכו לירקון ועיניה ועינה בלטו וכל הכתוב בהפרשה נתקיים עליה. ולקול הזעקה אשר צעקה בקול באו הדיינים והרבה מאנשי העיר לראות את המחזה הנוראה הזאת ויבהלו מאוד ויקראו הוציאו את הארורה הזאת ושמטוה שלא תטמא את בית רבינו. ויאמר איש אל רעהו עתה ידענו כי איש אלקים קדוש הוא ודיבר ה' אשר בפיו אמת ומעת הזאת יראו לגשת אליו ויקר שמו מאוד לאיש מופת. ולמען יהי׳ לזכר עולם ציוו צווי נדיבי העיר לצפות את המעלות אשר מתה עליהם בזהב להיות לזכרון מעשה האיש הנורא הזה :"
Shivhei-Habesht_0031	Shivhei-Habesht	minor	major	major	The story revolves entirely around a 13-year-old married girl whose mysterious illness drives all the action: her father's consultations, the Besht's interventions and prayers, the sending of letters, and the dramatic resolution when she is revealed to be pregnant and recovers after giving birth. Without her, there is no story.	A young, sick, and pregnant woman is central to the plot. Her illness and eventual recovery drive the narrative, and the Besht's involvement revolves around her fate, making her pivotal to the story's development and spiritual meaning.			"Shivhei-Habesht_0031 תיוגים* שמעתי מבני מ׳ ליב שיחיה שפ""א שבת אצלינו ר׳ הירש חתן אב""ד דק""ק אוסטרה המא""ג ר' דוד ור׳ אייזיק הי' גיסו של ר' הירץ בנו של הרב הנ""ל ובמוצאי שבת סיפר בנו הנ""ל מעשה ששמע ממנו שהיה למהורר אייזיק בנו של הרב בת קטנה בת י""ג שנה ונשואה היתה והיתה חולה וכשהיה הבעש״ט בק""ק זאסלאב הראו לו החולנית וצוה למחר לקרוא לה אשת רופא שתעמיד לה עלוקית ואמר לפתוח לה מרידין והנגיד מ׳ אייזיק הי' ירא לסמוך על הבעש״ט ושאל להדאקטער של הדוכסה דק""ק הנ""ל ואמר כי אפילו בקטנה שכיח מרידין ובא לביתו ושלח אחר אשת רופא והאכסניא של הבעש״ט הי' אצל ר' דוד שהיה מקודם אב""ד בק""ק אוסטרה : ור' הירש חתן הרב הלך עם הבעש״ט לבית ר' אייזיק דרך פרוזדור הבית ועמדו שם כמה סוסי' והלך מסוס לסוס וראה אותם והכה אותם והוטב בעיניו סוס אחד ואמר לר׳ הירץ אם אפשר שימכור לי הסוס הלז והשיב ר׳ הירץ אינו יודע ונכנסו לבית ואמר לרבי אייזיק מכור לי סוס זה והשיב לו רבינו כתיב לא תחמוד אמר לו שוטה אעפ״כ חומד אני ולא רצה למכור ואח״כ ראה אשת הרופא ואמר אין אחרת בעיר כי קראת׳ אותה הבולעת הזה והאשה הזאת היתה חשובה בעיר ופתחה לה מרידין ואעפ""כ לא הבריא׳ והבע״שט נסע לביתו ור' אייזיק נסע עם בתו לקידר שבק' קאסטאנטין ושמע הבעש״ט מזה ונסע בעצמו לקאסטאנטין ורגז עליו ואמר הגם אתם תעשו לי כן והבטיח לו ר' איזיק שיסע לביתו אבל דעתו לא היה כן וכשראה ר׳ אייזיק שהקידר לא מעלה ולא מוריד נסע עם בתו לביתו פ""א נחלשה מאד סמוך לשבת ועשה הרב מ׳ דוד רעש וקבץ מלמדי׳ לומר תהילים וברכו אותה בשם אחר ושלח אגרת ביד נכרי למזבוז' עם שליח בכדי שיוכל לילך בשבת ל הבעש״ט שיתפלל בעדה ובא הנכרי ביום ש""ק אחר קה""ת קודם תפילות מוסף ובמוצאי שבת צוה לכתוב אגרת ליתן ליד נכרי וכתוב בתוכו גי""ק קודם מוסף קבלתי והתפללתי עבורה תפלה גדולה ולא נענתי לא דבר ולא חצי דבר ואין יודע מה אידן בי' אם לא שברכו אותה בשם אחר ותיכף תודיעו לי השם ובסוף נודע שהקטנה הזאת היתה מעוברת וכשילדה הבריאה ואח""ז הי' הבעש״ט בק""ק זאסלב אמרו אשת רופא הכרתם ומשם חדש ג״כ ידעתם ולמה לא הכרת' שהיא מעובר׳ והשיב לו סבור אתה שבאמת הית' מעוברת מתפלתי ומתפילת אביך נתעברה והאגרת ששל' הבעש״ט היה כ""י ר׳ יעקב מיאמפאלי"
Shivhei-Habesht_0050B	Shivhei-Habesht	minor	major	major	The Rabbanit (rabbi's wife) is the central figure driving the plot: her difficult labor is the crisis that sets the entire action in motion, she actively negotiates with R' Yosef (granting him access to her money box), and her miraculous survival and successful delivery of children is the story's climactic resolution.	The story revolves around the pregnant Rebbetzin's difficult labor and Rabbi Yosef's actions to help her, which he undertakes only after receiving her explicit consent and access to her money. Her life is the central concern, and her agency shapes the plot, thus making her a major character.			"Shivhei-Habesht_0050B תיוגים This story is grouped with the previous one according to Scholem's numbering on the manuscript. החסיד ר׳ יוסף מזורניץ הנקרא 49 50 ר' שבחי הבעש״ט יג 51 ר׳ יוסף מלמד היה בעירנו בק""ק ליניץ ואני לא הייתי בקו הבריאה בעיר ההיא ולא יכולתי לישב עמו רק שנתתי לו שלום ולא שמעתי ממנו בעצמו וחבירי שמעו ממנו וסיפרו לפני וביד מ׳ יוסף הי' מונח תמיד מעות שלישית של שית והמעות של הרב הנ""ל היו ג״כ אצל מ׳ יוסף הנ""ל ובעת הזאת היה פיסול מטבעות והיה מריבות ע""י זה ואמר ר׳ יוסף נלך להרב המגיד ויעשה פשרה בינינו והלכו להרב המגיד ועשה פשרה ביניהם והלכה הרבנית לביתה ור׳ יוסף נשאר עדיין אצל המגיד אמר המגיד לר' יוסף הרבנית הלז היא לאחר יאוש ולמחר הרגישה בעצמה חבלי לידה והבינה שהיא מקשה לילד ושלחה אחר ר׳ יוסף ואמרה לו בבקשה שימחול רומע""ל ע״כ לילך אל המגיד שיעשה בשבילי פ""נ והיא שמעה מן המגיד כנ""ל אמר לה אם תתן לי המפתח מן התיבה שאקח מעות כל מה שאחפוץ אלך ואם לאו לא אלך ונתנה לו המפתח ונתנה לו פאטשילע ולקח ק""ס זהובים ובא אל המגיד אמר לו המגיד למה באת הלא אמרתי לך המעמד שלה אמר ר׳ יוסף היא נתנה לי המפתח ונתנה לי רשות על כל המעות שיש לה ותיכף שלח המגיד אחר ר' מיכל ז""ל ואחר רבי ליב כהן ז""ל ור׳ יוסף הנ""ל שילכו למקוה והמגיד עדיין הי׳ יכול לילך ברגליו אלא שלא יכול לילך למים והלכו הם שלשה וגם המגיד הלך עמהם ונכנסו השלשה למקוה והמגיד עומד עליהם ושהו תחת המים וכשעלו מן המים אמר המגיד עדיין לא פעלתם וטבלו כן כמה פעמים ואמר ר׳ יוסף ז""ל שהמגיד רצה ללמוד אותי הכוונות אבל יותר טוב אלך בתמימות שלי ושהו במקוה עד בוש ונתקרר ר׳ יוסף כי הי׳ זקן ואמר רבש״ע הבא לי במתנה את הרבנית ואם לאו אני בסכנה ואח״כ צוה להם שילכו מן המקוה ויעלו כי ת""ל פעלתם שתחי' הרבנית ותלד שלשה בנים ואמר כמה זכרים וכמה נקבות ואין אני זוכר והמגיד צוה מקודם שהלכו למקוה שיבשלו תבשיל עם הרבה בשמים כדי שיתחמם אחר המקוה ולאחר אכילתו אמר המגיד שיטמין א״ע שלא ימצאוהו כי יהי' רעש גדול גם סגר הדלת בעדו ולא הניח שום אדם לכנוס עד שילדה הבנים וחי׳:"
Shivhei-Habesht_0077	Shivhei-Habesht	minor	major	major	The Besht's daughter Adel plays a pivotal role in the story's turning point: her interruption to call her father to eat causes the departure of the supernatural visitors (Elijah and Rabbi), making her action central to the spiritual drama. The Besht's closing remark that her soul derives from the verse 'esh dat lamo' (whose acronym spells her name) further foregrounds her as spiritually significant to the narrative.	The story revolves around the Besht, but his daughter, Adel, directly affects the narrative by interrupting a mystical encounter, leading to the Besht's pronouncements about her role and fate. Her appearance and action are crucial to the story's meaning.			"Shivhei-Habesht_0077 תיוגים* שמעתי מהרב דקהילתינו בהיות הבעש״ט חולה קודם פטירתו לא שכב במשכב רק שנעש' כחוש וקולו נלקה והי יושב בבית התבודדותו התבדדותו ולא הי׳ בו כח לקרוא להמשרת שלו כשהיה צריך לו ותלה פעמן בבית גדול וחוט נמשך אליו לבית קטן שלו ו הבעש״ט מושך בחוט ונשמע קול הפעמן ובא אליו המשר' פ""א נכנס אליו רבי 75 76 77 דוד שבחי הבעש״ט 78 79 דוד פורקעס ז""ל מ״מ דק""ק מעזיבוז ושאל אותו איזה דבר ומאיש אחד מק""ק באר שמעתי שהשאלה היה האיך להתפלל בעד החולה עם סיפורי מעשיות והתחיל לומר לו ובאמרו נתלהב מאוד ופניו היו בוערות כלפידים ונפל פחד על ר׳ דוד הנ""ל ורצה לברוח רק מחמת ש הבעש״ט דיבר עמו פא״פ לא יכול לצאת ובתוך כך באה בתו מ' אדיל תי' ואמרה אל אביה עת לאכול כי פנה היום ומיד אזל סומקא ואתא חיורא ושכב על מטתו לנוח ואמר לה בתי בתי מה עשית לי ואמר ר' דוד הדין עמה כי עת הוא לאכול אמר הבעש״ט לא ידעת מי הי' כאן מצד אחד עמד אליהו ז""ל ומצד השני עמד רבי והם אמרו לי ואני אמרתי לך וכשבאה ובילבלה אותי הלכו ואמר הבעש״ט כי לקח נשמת בתו מן התורה מן הפסוק אש דת למו ר""ת אדל."
Shivhei-Habesht_0080	Shivhei-Habesht	minor	major	major	The sick wife is the central subject of the entire story: the Besht's refusal to heal her, his anger at her husband, and his final revelation all pivot on her identity as a tzadekones whose illness spiritually protects the town. Without her suffering and righteousness, there is no story.	The story revolves around a woman's illness and her role as a protector of the town through her righteousness. The Baal Shem Tov's actions are dictated by her condition, making her central to the narrative's spiritual meaning.			"Shivhei-Habesht_0080 תיוגים* שמעתי מחבירי ששמעו מר׳ נחום מטשארנאביל פ""א הי' הבע״שט בק""ק חמעלניק ושם הי׳ בעל מגיה אחד ואשתו הי׳ חולה ואכסני׳ של הבעש״ט הי' סמוך אצל הרב אב""ד חתן הפ""ח ובא הבע״מ לבעש״ט לבקש ממנו שיתן רפואה לאשתו ולא רצה ולא עוד אף שרגז עליו ודיבר אליו דברים לא טובים והוקשה הדבר להרב אב""ד הנ""ל ולערב כשהלכו כולם שאל הרב את הבעש״ט מפני מה לא רצה לרפאות את האשה הנ""ל והשיב כי היא צדקניות ומחמת חולשתה מגינה על העיר מן הלסטים שביער וכשיכלו הלסטים מיער ממילא יוחזרה לבריאותה ושאל אותו מפני מה רגז על בה""מג והשיב שראיתי ששורה עליו דינים ובזה הרוגז בטלתי הדינים ממנו:"
Shivhei-Habesht_0098	Shivhei-Habesht	minor	major	major	The agunah is the central figure around whom the entire narrative revolves: her transgression triggers the brothers' murder plot, the Besht's miraculous vision of the two candles is directly about saving her life, and her ultimate repentance (becoming a בת גמורה) is the story's spiritual resolution. Without her, there is no story.	The story revolves around an *agunah* (abandoned wife) whose actions (infidelity) and potential fate (execution) are central to the plot. The Baal Shem Tov intervenes to save her, making her a key figure in the narrative's development and spiritual message.			"Shivhei-Habesht_0098 תיוגים* שמעתי מרבי אהרן דקהלתינו ששמע מהרב הגאון דק""ק סיפטיפקע שהי' בסביבם עגונה אחת שהיתה מחזקת ארענדי' וראה הבעש״ט שפ""א הית' מנאפת עם עבד כנעני שלה והי' לה שני אחי' בשני כפרי' ונתגלה הדבר לאחים והיה להם בושה וסברו שתצא ח""ו מן הכלל ויעצו עצה שכל או״א יבקש אותה לכפר שלו ולעת ערב ילכו שניהם ויבערו אותה מן העול' וכ״ע ובאותה לילה ישב הבעש״ט ושני נרות דולקים 98 לפניו שבחי הבעש״ט כא 99 לפניו ופתאום כבה נר א׳ והדליק אותה מנר שני וברגע נכבה נר שני והדליק כנ""ל ושמע קול אומר אליו רוצח איך אתה בא לשני נרות והבין הדבר ולקח סוס ורכב עליו במרוצה והגיע לשם ולא המיתו עדיין אותה והציל אותה מידם ונעשית ב""ת גמורה ואח""ז מצאו אותה עומדת במקוה בחצי הלילה :"
Shivhei-Habesht_0146	Shivhei-Habesht	minor	major	major	The unnamed mother (יולדת) is the pivotal figure around whom the entire story turns: the crisis (the mamzer accusation) exists because of what happened to her, and it is resolved only through her forced confession that she was raped. Without her testimony and her experience, there is no story.	The story revolves around a woman who was raped and gave birth to a child; her testimony, extracted under duress, is crucial to the plot's resolution.			"Shivhei-Habesht_0146 תיוגים* מעשה שהיה אב""ד בק""ק הוראדנע והי׳ ברית מילה ולא רצה להיות סנדק והפצירו בו מאוד עד שאמר שהילד ממזר והוא היה בעל משפחה וכששמעו המשפחה את דבריו התחילו לצעוק והיתה צעקה גדולה בבה״כ ואמר הרב לשמש לך וקח המטה שלי בידך ולך אל היולדת והראה לה את המטה ותיכף תודה ואם לא תמות והיא הודה ואמרה כי אנוסה היא שהלכה למרתף להביא יין ורץ אחריה אדון א׳ ואנסה אותה ונשתקו כל בני משפחת׳ ."
Shivhei-Habesht_0192	Shivhei-Habesht	minor	major	major	The sick wife is the narrative engine of the entire story: her paralyzed hands prompt all travel and seeking of cures, and the climactic miracle — the Besht commanding her to raise her hands, restoring her and simultaneously afflicting the nobleman — revolves entirely around her condition and healing.	The story revolves around a woman whose illness leads her and her husband to seek help from the Baal Shem Tov. Her miraculous healing at a crucial moment is the climax of the story and directly causes the downfall of the antagonist, making her actions central to the narrative's resolution.			"Shivhei-Habesht_0192 תיוגים* במדינות וואלחייא הי' איש אש א׳ גביר מפורסם ופתאום חלתה אשתו על שתי ידי' שלא יכלה להרים אותם בשום אופן והלך עמה אצל כל הרופאים 191 192 יז ולא שבחי הבעש״ט ולא הועילו כלום ונתייאשו מרפואתה וגם שאל בקדרים בקדריים ולא עלתה ארוכה למכתה והסכימה דעתו לנסוע עמה מעיר לעיר אולי תעלה ארוכה למכתה ע״י בע""ש או רופאים ויהי בנסיעתו וישמע את שמע הבעש״ט מרחוק ויסע לק""ק מעזיבוז ובבואם לק""ק הנ""ל הלכו ל הבעש״ט וצוה עליו שתשב בק""ק הנ""ל ותשב שם ימים רבים ובתוך משך הזמן באו כמה פעמים להרב וצוה לישב עוד ויהי ברבות הימים פעם א׳ ציוה ציה להכין העגלה עם הסוסים וצוה להאיש הנ""ל שיסע עם אשתו החולה ג״כ אחריהם ויהי בנסיעתם באו לאיזה כפר ושם היה דר א׳ מאנשי הבעש״ט ויהי בבואם לשם שאל הרב את המוכסן אם יתן לו אכסניא ויפלא מאד בעיני המוכסן ע""ז השאלה כי באמת הי' לו זכי' רבה שיתאכסן הרב אצלו. והשיב לו הרב כי כאשר יתאכסן אצלו אזי יסגרו החלונות והשערים והדלתות שלא לפתוח לשום אדם יהי' מי שיהי' אפי' איזה שר גדול ובאם שידחוק א״ע מאד אזי להשיב כי בכאן הרב בעש״ט והבטיח המוכסן לעשות כן ועמדו אצלו בקרעצים ותיכף ומיד עשו כדבר הרב והכינו א״ע לסעודת הערב ואחרי הסעודה ישנו כולם מלבר הבעש״ט ישב אצל השולחן ולמד באיזה ספר והאשה החולנית ישבה בירכתי הבית והנה באותו היום בא אחיו של השר מהקרעצים ההוא אשר לא ראו איש את אחיו זה יותר משתים עשרה שנה ותהי השמחה גדולה ביניהם ואכלו ושתו ונשתכרו ובאמצע הדברים התחיל השר להתפאר א״ע איך על מקום הידוע בנה קרעצים טובה ומהודרת עד מאד ויהלל אותה עד מאד וביקש האורח אותו שיתנו לו סוס א׳ שיסע לשם. ונתנו לו סוס טוב ומובחר ובהיות שהמקום הי׳ קרוב מהמבצר נסע רק בבגד א׳, ותיכף כשנסע מיד התחיל רוח סערה עם שלג הנק' מיטעלניצע ונתעכב בנסיעתו כמה שעות עד שבא להקרעצים ודפק על הדלת שיפתחו לו והשיבו לו שא""א לפתוח לו מפני שבכאן הרב הבעש""ט וביקש כמה פעמים בתחנונים גדולים לפתוח לו היות שנתקרר מאד והשיבו לו כנ""ל עד שבפעם האחרון רמז הבעש״ט שיפתחו לו וכאשר נכנס השר לבית הלך אנה ואנה עד שנתחמם מעט וכאשר שב לאיתנו שאל מי הוא זה הבעש״ט והראו לו את הרב ומיד התחיל לבער בו אש הכעס והלך עוד כפעם בפעם ושאל עוד מי הוא זה ואיזהו הבעש״ט אשר עבורו לא פתחו לי את הדלת עד שהיה באפשרי ממש למות מגודל הקרירות והראו לו את הרב עד שבפע׳ שלישית בערה בו אש הכעס לגמרי וכשהראו לו את הרב שלף חרבו מתערה והניף את ידו על הרב להרגו מיד צעק הרב להאשה החולנית הגביהי את שתי ידיך וכן עשתה ומיד נעשה חילופין להאשה חזרו ידי' לבריאותה כבראשנה והשר לא יכול להשיב ידו ותיבש ידיו והתחנן מאד להרב ואמר שלא אוכל להועיל לך כי מכבר נעשה החילופין וא""א לשנות עוד :"
Shivhei-Harav_0016	Shivhei-Harav	minor	major	major	The widow is the narrative catalyst: her daily service to the Rav, her desperate weeping and plea for help when her son is taken, and her receipt of the rescued son are all foregrounded and indispensable to the story's plot. Without her active role in seeking intervention, the entire episode of the son's rescue would not occur.	An unnamed widow plays a crucial role. Her son's conversion is the central problem, and her actions (seeking help from the narrator and Rebbe) are essential to the plot's resolution. The story revolves around her plight and the Rebbe's efforts to save her son.			"Shivhei-Harav_0016 ,תיוגים עתה נספר אשר סיפר הרב בעצמו ביום י""ט כסליו שהיה דרכו תמיד לעשות סעודה בליל י""ט והיה שמח ומשמח והיה אומר תורה הרבה אך פעם א׳ נשתהה לבוא והמתינו עליו כל החסידי' עד שעה ג׳ אחר חצות לילה וכאשר בא ראו כל החסידים והנה טרוד בעומק רעיוניו מאוד. וכאשר ישב אצל השולחן אמר תיתי לי כי הצלתי את נפש ישראל ממות כי בעת היותי ב מעזריטש היתה אלמנה אחת אשר היתה מחמה לי חמין בכל יום וגם היתה כובסת הבגדים אשר לי והיה לה בן נער כבן י""ד שנים מופלא בלימודו. ופתאום פתהו נערי גוים מבית התפלה שלהם שימיר דתו ויפת הנער ותיכף כאשר נתרצה להם הובילוהו לבית התפלה שלהם וסגרוהו בהעליי׳ הגבוה אשר בבית תפלתם ובכתה האלמנה מאוד לפני ורצתה להכניס לרבינו ולא הניחה משרתו משרחו פוליט כי היה רבינו חלוש אז מאוד ונתתי לה עצה כי תבא לבית מורי ביום הששי לעת ערב אשר אז הולך פוליט למרחץ ומבקש אותי להיות שומר הפתח עד בואו ואם תבוא אז אניח אותה לכנוס למורי וגם אמליץ טוב עבורה וכן עשתה ותבא ותספר למורי כל הנעשה עם בנה. וגם אנכי אמרתי לו כי הוא עלם יקיר כו' ויצו עליה מורי שתלך לביתה והוא יצא תיכף לבוש בבגדי שבת והתחיל לומר תורה על פסוק נפש כי תחטא ועל השבת ההוא היו מהרבנים שכתבנו לעיל והכינו א״ע כבר להתפלל ולבשו הבגדי לבן וכאשר שמעו כי אדמו״ר אומר תורה באו כולם ופשטו את הבגדי לבן והיה הדבר הזה לפלא בעיניהם מאוד כי לא הי' דרכו בכך מעולם וכאשר סיים מורי את דבריו הלכו כולם להתפלל ולבשו את הבגדים אבל מורי לא התמהמה וכמו רבע שעה נכנס עוד הפעם ואמר מאמר אחר על פסוק נפש כי תחטא . והתלמידים הוכרחו עוד הפעם להפשיט את הבגדים וכן הי׳ ד' פעמים פשטו ולבשו התלמידים את בגדי השבת (כי לא הי' לובשים לפני מורינו בגדי לבן) ומורי דרש רק על פסוק הנ""ל. ואח״כ בלילה אמר עוד ג' פעמים דרושים נפלאים על פסוק הנ""ל והתלמידים התפלאו מאוד ע״ז ואך בפעם השביעית כשאמר מורי תורה נתהווה רוח חזקה מפרק הרים ומשבר סלעים. וכשסיים מורי תורתו שמענו קול הכאה בהחלון הסתום כאלו זרקו אבנים גדולים עליו. ויאמר לי מורי לך הוליך את הנער לאמו. והלכתי לחוץ ומצאתי את הנער עומד אצל החלון ולקחתי אותו בידו והולכתיו לאמו וכאשר שב נפש הנער אל קרבו שאלתיו כי יספר לי מה הי' לו. ויספר לי הנער כי סגרהו בעליית בית תפלתם עם עוד נער אחד מנערי הנכרים וגם היו לפניהם משקאות ומאכלים. והי׳ משחק עם הנער כל יום הששי ויהי לפנות ערב נפל בדעתו של הנער מה הוא עושה פה ויתמרמר מעט אבל תיכף שתה משקה המשכרת להפיס צערו וירחיק את הדבר הזה מרעיונו. אבל בעוד רבע שעה נפל בדעתו עוד הפעם כי לא טוב הדבר אשר הוא עושה ויכנוס הדבר בלבו. ויתמרמר ויקח הנער את הכינור כי היה יודע נגן בכינור ויחשוב להפיס צערו בזאת וכן היה הקיצור בפעם הרביעי ובפעם החמישי נתמרמר מאד עד כי לא היה יכול לסבול ויבך מאוד במר נפשו על אשר קרה לו כאלה וירצה לצאת לחוץ ולברוח אבל הדלת היה סגור וינסה בכל כחו לשבור את הדלת ולא יכול ונגמר בדעתו להשליך את עצמו מתוך החלון ואף כי יתרסקו אבריו כי היה גבוה העלי׳ מהארץ כשלשים אמות אעפ""כ נתרצה למות מלהיות גוי. ועכ""ז נתגבר יצרו עליו בהסיתו אותו כי מחר יברח. אבל בפעם הששי נתגבר על יצרו וישליך עצמו מתוך החלון אבל בחסד האל מחמת הרוח סערה אשר היתה לא נפל לארץ כ״א הרוח נשאו להלן בחצר ושם עמד על רגליו אבל גם בחצר היו כל הדלתות סגורים וסביבות החצר היה גדר גבוה כעשרים אמות ולא ידע מה לעשות ויתרפק לעלות על הגדר ולא יכול אבל בתוך כך מצא מקום שיוכל להאחז לעלות מעט וכאשר עלה נתהוו׳ עוד רוח סערה גדולה וישאהו הרוח עד לפני החלון של מורי. כן סיפר הרב בבואו בלילה לפני האנשים והיתה פליאה גדולה בעיני כל החסידים מה הוא מספר עתה המעשה. וע""כ עמדו מארבים מהחסידים כל הלילה אצל הפתח מחדר הרב וכאור הבוקר ראו והנה איש אשר קשר את ראשו וצדעיו במטפחת יצא מחדר רבינו והבינו כל החסידים כי הרב כיון באומר תיתי לי כי הצלתי כו' על הנעשה עתה מענין הזה וסיפר המעשה מעבר וכיון להוה."
Sipurei-Zadikim_0005	Sipurei-Zadikim	minor	major	major	The wife is a central figure whose actions and suffering drive the plot: she refuses to divorce her Hasidic husband despite familial pressure and poverty, supports herself and two children through manual labor, and her letter reporting the children's illness is the pivotal event that moves Rabbi Meir to seek rabbinic counsel and advance the story's spiritual resolution.	The wife's suffering and actions (being cut off from her family, working to support herself and her children, writing the letter that prompts her husband's actions) are central to the plot and the moral dilemma faced by the main character, her husband.			"Sipurei-Zadikim_0005 תיוגים עתה נספר את אשר ספר החסיד המפורסם המפורסים ר׳ מאיר מ בארישוב לפני כבוד קדושת הרב הגדול הקדוש ר' משה מ סאווראן אשר הוא ראה את הרה""ק ליב שרהס ביער אצל סוואלק והמעשה שהיה כך היה : הנה האיש הנ""ל רבי מאיר היה בן גביר וחתן לגביר ב סוואלק הבירה והוא בעצמו היה חריף ושנון והיה לומד בישיבת הגאון מ סוואלק והנה כאשר הגדיל האיש הנ""ל התבונן הוא במאמרי חז""ל ובמאמרי הזוהר המתאימים יחד כי בכל דור נמצאים בני עליה אשר עיילי בלא בר ויכולים להזריח בלב איש תורתו ועבודתו שתהיה בבחינת תענוג אהבה רבה בתענוגים ולא תהיה העבודה כמשוי וע״כ נגמר בדעתו שצריך לחפש הדבר הזה כמטמונים עד שימצאנה. אבל אביו וחותנו לא הניחוהו לפסוע פסיעה לבר מעירם והיה האיש ההוא בצער גדול עד כי הציקוהו מורשי לבבו והתגנב מביתו בלא מעות ובלא מלבושים ויתחפש וילך מעיר לעיר לבקש את הדבר הזה אולי ימצאנה עד כי הקרה ה׳ דרכו לפניו כי הבא לטהר מסייעין לו ובא ל קארלין מקום משכן כבוד של הרב הקדוש ר׳ שלמה מ קארלין ז""ל ותיכף כאשר נכנס לבית וראה את פני הרב אמר לזה נאה לקרותו רבי ותהלה לאל שמצאתי את אשר בקשתי ויתמהמה שם ימים הרבה. אבל אביו וחותנו כשמעם אשר נתהוה חסיד נדרו הנאה ממנו. וחותנו הפציר בתו שתקבל גט ממנו אבל היא לא רצתה וע""כ נדר חותנו גם מבתו הנאה ועל ספורי צדיקים י ועל כן היתה עטופה ברעב כל ימי היות בעלה ב קארלין והיתה מתפרנסת ממעשה ידיה מלאכת החפירה והכביסה וכדומה. ואביו וחותנו כאשר ראו כי היא זלזלה בכבודם כי המה היו משועי ואצילי העיר רגזו מאוד עליה ונשבעו שלא להזדקק לה אף אם תצא נפשה. אך כל זמן כי היתה בריאה עם שני ילדיה לא השגיחה בכל זה והיתה מתפרנסת ממלאכתה אולם אחר כל אלה נפלו בניה בחולי גדול ועל כן לא יכלה לעשות מלאכתה מובן ממילא כי גבר הרעב עליהם. ותכתוב אז מכתב לבעלה מכל הקורות אותם וכי שני בניה נפלו למשכב ולה אין במה לחיות אפילו יום אחד. וכאשר הגיע לרבי מאיר הנ""ל המכתב נחמרו רחמיו מאוד על חולי בניו כי עד כה לא היה משגיח בהמכתבים אשר שלחה אליו. אבל בזה המכתב נפלה לבבו. ויכנוס עם המכתב להרב ר׳ שלמה הנ""ל ויאמר לו הרב אנכי לא אענה לך על הדבר הזה אבל איעצך לך נא ל הרב מ פינסק כי שם היה אז הרב הגדול רבי לוי יצחק אשר היה אחר כך אב""ד ב ברדוטשוב בברדיטשיב והוא יגיד לך את אשר תעשה. וילך האיש ל הרב מ פינסק ויראה לו את המכתב ויבך לפניו כי יטכס לו עצה מה לעשות ויאמר לו כי הרב מ קארלין שלחו אליו ויאמר אליו הרב מ פינסק הוא לא רצה להגיד לך אולי לא תאבה לשמוע אליו אבל אנכי אגיד לך האמת הנה בנך אחד כבר מת והשני הוא חולה גדול וזה לך עונש אשר אתה מחזיק תחת ידיך כתבים מהאיש פלוני אלמוני. ואתה משתעשע ומתענג בהם ועל כן כאשר תשרוף אותם על האש אשר על האח יתרפא בנך ואתה תזכה לשני שולחנות תורה וגדולה כאחד כי תהיה אי""ה עשיר גדול ועתה הגדתי לך האמת אם תשמע ואם תחדל אבל האיש הנ""ל היה קשה עליו פרידתו מהכתבים כי היו אהובים ויקרים אצלו כבבת עינו ממש. והיה מדמה בנפשו אם ינטלו הכתבים ממנו כאילו ניטל חייו. וילך האיש במר נפשו לחזרה ל קארלין וישאלהו הרר״ש מה הגיד לך הרב מ פינסק ויבך האיש ויספר לפניו צרות נפשו וכי אין הוא רואה 20 ספורי צדיקים רואה שום דבר זר חלילה בהכתבים ולמה ידין אותם בשריפה. ויאמר לו הרר״ש ה' אשר הנהגך בדרך האמת עד כה הוא יודע כי לא מדברי נרגנות דבר הרב מ פינסק את הדברים האלה אבל כן הוא האמת כי אם לא תתן הכתבים על הלהב מרה תהיה חלילה באחרונה. ועל כן שמע לקולו ועשה מהרה את אשר צוה עליך ובזה תציל את נפש בנך ממות מה גם כי יחולו ברכות הרב על ראשך ותשכיל ותצליח בכל דרכיך ויעש כן האיש במר נפשו לקיים הלאו ד לא תסור מכל אשר יגידו לך ועשה להב גדול מכל הכתבים עד כי נתבערו מן העולם. וישב הרב ר׳ מאיר עוד כששה שבועות ב קארלין ואחר כך שלחו הרב לביתו ונתן לו עצה מה לעשות וברוך השם כי הצליח את דרכו ומצא את אשתו ובנו בריא אולם וגם הצליח לו בעסקיו עד כי במשך ימים מועטים עלה על במתי הגדולה ונעשה סוחר גדול וגם היה עוסק יומם ולילה בתורת ה׳ ועבודתו. ויהי ברבות הימים נסע פעם אחת לדרכו מעיר ווילנא הלאה ויעמוד לפוש בקרעטשמע אחד וישב לאכול ובתוך כך בא להקרעטשמע שני העגלות טעונים עם עניים ההולכים לבקש נדבתם מעיר לעיר ויעמדו גם כן אצל הבית ונעשה רעש מאתם כנהוג בין העניים זה מבקש י״ש וזה לחם. בתוך כך הסתכל ר׳ מאיר הנ""ל והנה זקן נכבד גם כן בין העניים ההם וילך לקנות לחם אצל בעל הבית אבל כאשר ראה את הלחם הלך ריקם ממנו ולא רצה לקנותו ובא לר׳ מאיר כי הוא יתן לו מלחמו בעד אגורת כסף כי הוא רעב ויתן לו ר׳ מאיר לחם בלא כסף אבל הוא לא רצה לקבל ויפצר בו ר״מ ויקבל את הלחם מידו ויתן לו תודה וילך לו : ויהי כאשר הלך הזקן לרחוץ ידיו ראה ר״מ מרחוק כי הסתכל בכלי הנטילה ולא ישר בעיניו ויקח כלי אחרת ויטול את ידו ויאכל ואחר כך נסעו להם כל העניים וגם הזקן נעלם מעיניו, ול ר״מ הנ""ל נפל ברעיוניו כי לא איש פשוט הוא הזקן הזה כי ראה כי אינו כשאר העניים מה גם הוא מדקדק במצות וישער ר' ספורי צדיקים יא ר׳ מאיר בדעתו אולי הוא מהנסתרים וירצה ר' מאיר להתחקר על שורש הדבר מפני מה לא רצה לאכול מלחם בעל הבית ונגמר בדעתו לחקור אם נטלו חלה מזה הלחם. וילך לבעלת הבית וישאל אותם האם הפרשתם חלה מהלחם ותאמר לו הלא כלתי הפרישה חלה. ואיה כלתכם הוסף ר' מאיר לשאול ותאמר היא יושבת בגן לשרש ולנקות את התלמים. וילך הרב ר׳ מאיר לגן וישאל אותה אם הפרישה חלה ותאמר לו הלא חמותי הפרישה חלה. וכאשר שמע זאת הרב ר׳ מאיר הבין כי עי״ז לא רצה הזקן לאכול מלחמם ויצו הרב ר׳ מאיר לחבוש מהרה את סוסיו וירץ אחרי העניים וימצאם כי נסעו כברת ארץ מהקרעטשמי כי המה מתנהגים לאט בכבידות וישאל הרב ר׳ מאיר את העניים איה הזקן אשר היה אתכם ויענו לו ויאמרו השומרים אנחנו את המשוגע הזה כי הוא מתנהג בשגעון הולך לבדו ביער ומתחבא מאתנו על יום או יומים ואחר כך הוא בא ומתחבא עוד הפעם והולך יחיד בין הבכאים והאילנות ועוד דברים רבים ספרו לו. אבל הר״ר מאיר שאל אותם אולי ראיתם עתה להיכן ובאיזה דרך הלך. ויראו לו את הדרך אשר הלך בה הזקן הנ""ל וילך ר׳ מאיר ויחפש אותו אולי ימצאנו וימצא אותו עומד אצל אילן אחת צולל במעמקי רעיוניו. ויגש אליו ר׳ מאיר ויאמר לו אדוני הגידו נא לי מי אתם ויאמר לו הזקן וכי את בתך אנכי מבקש ומה חפצך להכיר אותי הלא איש עני אנכי. ויאמר אליו ר׳ מאיר אבל ידעתי בבירור כי אתם מצדיקים הנסתרים וידעתי כי לא שגיתי ברואה. כי תדעו כי שני שנים הייתי אצל הרב ר׳ שלמה מ קארלין . ומאז מבין אני על פי חכמת אדם המאיר פניו את האיש אשר רוח אלקים נוססה בו. הקיצור ר׳ מאיר הנ""ל הפציר בו מאוד. ויאמר לו הזקן אנכי ליב בן שרה ואשר זכית לראותי עתה הוא מאשר סרת אז למשמעת הרב הקדוש מ פינסק ושרפת את הכתבים ההם ואני לא אחשה מלגלות לך עתה כי כל עיקר מגמת נסיעתי הוא לתקן את אשר עוות האיש ההוא אשר ממנו נובעים הכתבים אשר היו 22 ספורי צדיקים היו בידך והאיש ר' מאיר נתפעל ונשתומם ויפציר מהרב שיברך אותו וברך אותו ואחר כך לעת זקנותו נסע ר׳ מאיר הנ""ל ל אה״ק . ומדי עברו שחר את פני הרב הקדוש מ סוורן ואז סיפר לו את כל אלה ומהאיש אשר שמע מר׳ מאיר הנ""ל שמעתי והצעתי לפני הקורא:"
